Timestamp,Temperature (C),Humidity (%),Pressure (hPa)
2024-07-12 12:01:25.084032,21.78,36.19,956.99
2024-07-12 12:01:26.086488,21.73,35.82,957.0
2024-07-12 12:01:27.088161,21.71,35.64,956.98
2024-07-12 12:01:28.087348,21.7,35.57,957.0
2024-07-12 12:01:29.081958,21.7,35.53,956.98
2024-07-12 12:01:30.098829,21.7,35.51,956.98
2024-07-12 12:01:31.098921,21.7,35.51,957.0
2024-07-12 12:01:32.098587,21.7,35.5,957.01
2024-07-12 12:01:33.098754,21.69,35.49,956.98
2024-07-12 12:01:34.098699,21.69,35.44,956.97
2024-07-12 12:01:35.101656,21.68,35.37,956.99
2024-07-12 12:01:36.115395,21.69,35.33,957.0
2024-07-12 12:01:37.111975,21.68,35.3,956.99
2024-07-12 12:01:38.115331,21.68,35.26,956.99
2024-07-12 12:01:39.115614,21.67,35.22,956.99
2024-07-12 12:01:40.116109,21.67,35.22,956.98
2024-07-12 12:01:41.125023,21.67,35.25,956.99
2024-07-12 12:01:42.127117,21.67,35.27,956.98
2024-07-12 12:01:43.118271,21.67,35.29,956.98
2024-07-12 12:01:44.132667,21.68,35.32,956.98
2024-07-12 12:01:45.132143,21.67,35.32,956.98
2024-07-12 12:01:46.133916,21.67,35.33,956.98
2024-07-12 12:01:47.136172,21.67,35.34,956.98
2024-07-12 12:01:48.144982,21.67,35.35,956.99
2024-07-12 12:01:49.132899,21.67,35.36,956.99
2024-07-12 12:01:50.149511,21.67,35.37,956.96
2024-07-12 12:01:51.148987,21.67,35.39,956.96
2024-07-12 12:01:52.148974,21.67,35.39,956.96
2024-07-12 12:01:53.150485,21.66,35.38,956.97
2024-07-12 12:01:54.149888,21.67,35.34,956.98
2024-07-12 12:01:55.148615,21.67,35.29,956.98
2024-07-12 12:01:56.157388,21.66,35.25,956.97
2024-07-12 12:01:57.165611,21.66,35.24,957.0
2024-07-12 12:01:58.165977,21.66,35.22,956.96
2024-07-12 12:01:59.167336,21.65,35.22,956.98
2024-07-12 12:02:00.165686,21.65,35.23,956.97
2024-07-12 12:02:01.174658,21.65,35.25,956.99
2024-07-12 12:02:02.177808,21.65,35.27,956.98
2024-07-12 12:02:03.177426,21.65,35.29,956.96
2024-07-12 12:02:04.182198,21.65,35.31,957.01
2024-07-12 12:02:05.182330,21.65,35.32,956.97
2024-07-12 12:02:06.182081,21.65,35.32,956.99
2024-07-12 12:02:07.183020,21.64,35.3,956.98
2024-07-12 12:02:08.193759,21.64,35.23,956.97
2024-07-12 12:02:09.182823,21.64,35.19,956.95
2024-07-12 12:02:10.198863,21.63,35.15,956.97
2024-07-12 12:02:11.198919,21.63,35.11,956.98
2024-07-12 12:02:12.199767,21.63,35.08,956.98
2024-07-12 12:02:13.198957,21.63,35.05,956.99
2024-07-12 12:02:14.207212,21.62,35.02,956.97
2024-07-12 12:02:15.199438,21.62,35.0,956.96
2024-07-12 12:02:16.210446,21.61,35.01,956.97
2024-07-12 12:02:17.211083,21.61,35.03,956.96
2024-07-12 12:02:18.216455,21.61,35.05,956.98
2024-07-12 12:02:19.216310,21.61,35.04,956.95
2024-07-12 12:02:20.215676,21.61,35.01,956.97
2024-07-12 12:02:21.215817,21.61,34.99,956.98
2024-07-12 12:02:22.226648,21.6,34.98,956.97
2024-07-12 12:02:23.228933,21.59,34.98,956.96
2024-07-12 12:02:24.233183,21.59,34.98,956.96
2024-07-12 12:02:25.233662,21.59,35.0,956.99
2024-07-12 12:02:26.234693,21.59,35.01,956.94
2024-07-12 12:02:27.236062,21.58,35.02,956.96
2024-07-12 12:02:28.238580,21.58,35.01,957.01
2024-07-12 12:02:29.239978,21.57,34.99,957.0
2024-07-12 12:02:30.241746,21.57,34.93,957.01
2024-07-12 12:02:31.247950,21.57,34.89,956.99
2024-07-12 12:02:32.251109,21.56,34.87,956.96
2024-07-12 12:02:33.249059,21.56,34.88,956.97
2024-07-12 12:02:34.258813,21.55,34.9,956.96
2024-07-12 12:02:35.254095,21.55,34.91,956.97
2024-07-12 12:02:36.253668,21.55,34.93,956.98
2024-07-12 12:02:37.255452,21.56,34.95,956.98
2024-07-12 12:02:38.266471,21.55,34.96,956.98
2024-07-12 12:02:39.266043,21.55,34.98,956.99
2024-07-12 12:02:40.266571,21.54,35.0,956.97
2024-07-12 12:02:41.266324,21.55,35.01,957.03
2024-07-12 12:02:42.275868,21.54,35.01,956.97
2024-07-12 12:02:43.266252,21.54,35.01,956.98
2024-07-12 12:02:44.280332,21.53,35.01,956.99
2024-07-12 12:02:45.278558,21.54,35.0,956.98
2024-07-12 12:02:46.283035,21.54,35.0,957.02
2024-07-12 12:02:47.283105,21.54,34.99,956.98
2024-07-12 12:02:48.283082,21.53,34.97,956.97
2024-07-12 12:02:49.282583,21.53,34.97,957.0
2024-07-12 12:02:50.292369,21.53,34.96,956.98
2024-07-12 12:02:51.291813,21.52,34.96,957.0
2024-07-12 12:02:52.299206,21.52,34.96,956.99
2024-07-12 12:02:53.299176,21.51,34.97,957.01
2024-07-12 12:02:54.299181,21.52,34.97,956.99
2024-07-12 12:02:55.299153,21.51,34.98,956.99
2024-07-12 12:02:56.299752,21.52,34.98,957.0
2024-07-12 12:02:57.299063,21.51,35.01,957.01
2024-07-12 12:02:58.315793,21.51,35.02,956.99
2024-07-12 12:02:59.316480,21.51,35.03,957.01
2024-07-12 12:03:00.316037,21.51,35.02,957.01
2024-07-12 12:03:01.315839,21.5,35.01,956.98
2024-07-12 12:03:02.316012,21.5,34.99,956.98
2024-07-12 12:03:03.316961,21.49,34.96,957.0
2024-07-12 12:03:04.330469,21.49,34.95,956.99
2024-07-12 12:03:05.330953,21.49,34.93,956.98
2024-07-12 12:03:06.332762,21.49,34.9,956.98
2024-07-12 12:03:07.332527,21.49,34.89,956.97
2024-07-12 12:03:08.332750,21.48,34.88,956.98
2024-07-12 12:03:09.336708,21.48,34.86,956.98
2024-07-12 12:03:10.332413,21.47,34.84,957.01
2024-07-12 12:03:11.345275,21.47,34.84,957.0
2024-07-12 12:03:12.350181,21.47,34.86,956.98
2024-07-12 12:03:13.349609,21.46,34.84,956.97
2024-07-12 12:03:14.349182,21.46,34.84,956.98
2024-07-12 12:03:15.349332,21.45,34.84,956.97
2024-07-12 12:03:16.349176,21.45,34.84,956.97
2024-07-12 12:03:17.349975,21.44,34.84,956.97
2024-07-12 12:03:18.366920,21.44,34.82,956.98
2024-07-12 12:03:19.365509,21.44,34.81,956.95
2024-07-12 12:03:20.366838,21.44,34.8,956.96
2024-07-12 12:03:21.366740,21.42,34.77,956.95
2024-07-12 12:03:22.366043,21.43,34.76,956.98
2024-07-12 12:03:23.366887,21.42,34.75,956.98
2024-07-12 12:03:24.374630,21.42,34.74,956.94
2024-07-12 12:03:25.378891,21.42,34.73,956.98
2024-07-12 12:03:26.382716,21.42,34.72,956.94
2024-07-12 12:03:27.383742,21.41,34.7,956.96
2024-07-12 12:03:28.386337,21.41,34.69,956.96
2024-07-12 12:03:29.386445,21.41,34.68,956.94
2024-07-12 12:03:30.386586,21.4,34.67,956.96
2024-07-12 12:03:31.386663,21.39,34.68,956.95
2024-07-12 12:03:32.399520,21.4,34.67,956.94
2024-07-12 12:03:33.399227,21.4,34.67,956.97
2024-07-12 12:03:34.400223,21.39,34.67,956.96
2024-07-12 12:03:35.400986,21.39,34.66,956.96
2024-07-12 12:03:36.399530,21.39,34.66,956.95
2024-07-12 12:03:37.400000,21.39,34.64,956.97
2024-07-12 12:03:38.414404,21.39,34.64,956.98
2024-07-12 12:03:39.414291,21.38,34.64,956.98
2024-07-12 12:03:40.416855,21.38,34.63,956.99
2024-07-12 12:03:41.417008,21.38,34.63,956.96
2024-07-12 12:03:42.416810,21.37,34.62,956.96
2024-07-12 12:03:43.424483,21.37,34.62,956.96
2024-07-12 12:03:44.416175,21.36,34.62,956.97
2024-07-12 12:03:45.416268,21.36,34.62,956.96
2024-07-12 12:03:46.432730,21.36,34.61,956.95
2024-07-12 12:03:47.432672,21.36,34.61,956.96
2024-07-12 12:03:48.432947,21.36,34.6,956.96
2024-07-12 12:03:49.433857,21.35,34.56,956.95
2024-07-12 12:03:50.433065,21.35,34.54,956.93
2024-07-12 12:03:51.433650,21.34,34.54,956.95
2024-07-12 12:03:52.446806,21.34,34.54,956.96
2024-07-12 12:03:53.449161,21.35,34.53,956.99
2024-07-12 12:03:54.449693,21.34,34.52,956.97
2024-07-12 12:03:55.449586,21.33,34.5,956.95
2024-07-12 12:03:56.449644,21.33,34.49,956.98
2024-07-12 12:03:57.458533,21.33,34.48,956.95
2024-07-12 12:03:58.463710,21.32,34.48,956.96
2024-07-12 12:03:59.464048,21.31,34.47,956.96
2024-07-12 12:04:00.467797,21.32,34.47,956.97
2024-07-12 12:04:01.466434,21.31,34.47,956.97
2024-07-12 12:04:02.472164,21.31,34.48,956.98
2024-07-12 12:04:03.473209,21.3,34.48,956.95
2024-07-12 12:04:04.475059,21.3,34.49,956.94
2024-07-12 12:04:05.477177,21.3,34.5,956.95
2024-07-12 12:04:06.482766,21.3,34.5,956.96
2024-07-12 12:04:07.483476,21.29,34.51,956.98
2024-07-12 12:04:08.483140,21.29,34.51,956.96
2024-07-12 12:04:09.483816,21.29,34.51,956.97
2024-07-12 12:04:10.485860,21.29,34.51,956.97
2024-07-12 12:04:11.492397,21.28,34.51,956.96
2024-07-12 12:04:12.493690,21.29,34.52,956.94
2024-07-12 12:04:13.495246,21.28,34.52,956.96
2024-07-12 12:04:14.499565,21.27,34.53,956.95
2024-07-12 12:04:15.500278,21.27,34.53,956.95
2024-07-12 12:04:16.499500,21.27,34.54,956.94
2024-07-12 12:04:17.507700,21.27,34.53,956.96
2024-07-12 12:04:18.510682,21.26,34.54,956.94
2024-07-12 12:04:19.499528,21.26,34.54,956.96
2024-07-12 12:04:20.516276,21.26,34.55,956.94
2024-07-12 12:04:21.517135,21.25,34.55,956.95
2024-07-12 12:04:22.516263,21.25,34.58,956.96
2024-07-12 12:04:23.517183,21.25,34.57,956.93
2024-07-12 12:04:24.526624,21.25,34.57,956.94
2024-07-12 12:04:25.526589,21.24,34.58,956.95
2024-07-12 12:04:26.532551,21.24,34.58,956.93
2024-07-12 12:04:27.527412,21.24,34.58,956.94
2024-07-12 12:04:28.534356,21.23,34.59,956.93
2024-07-12 12:04:29.534057,21.23,34.59,956.91
2024-07-12 12:04:30.533722,21.23,34.59,956.9
2024-07-12 12:04:31.542511,21.23,34.58,956.94
2024-07-12 12:04:32.555704,21.22,34.57,956.94
2024-07-12 12:04:33.543191,21.22,34.57,956.95
2024-07-12 12:04:34.549684,21.21,34.57,956.94
2024-07-12 12:04:35.551161,21.21,34.57,956.9
2024-07-12 12:04:36.550395,21.21,34.57,956.95
2024-07-12 12:04:37.550530,21.2,34.57,956.91
2024-07-12 12:04:38.559549,21.21,34.59,956.94
2024-07-12 12:04:39.558853,21.21,34.59,956.92
2024-07-12 12:04:40.566872,21.2,34.58,956.94
2024-07-12 12:04:41.566463,21.2,34.58,956.97
2024-07-12 12:04:42.566356,21.19,34.58,956.94
2024-07-12 12:04:43.566394,21.2,34.58,956.97
2024-07-12 12:04:44.567256,21.2,34.57,956.95
2024-07-12 12:04:45.575572,21.19,34.57,956.93
2024-07-12 12:04:46.581312,21.19,34.57,956.93
2024-07-12 12:04:47.579366,21.19,34.58,956.93
2024-07-12 12:04:48.584047,21.18,34.56,956.93
2024-07-12 12:04:49.583146,21.18,34.55,956.93
2024-07-12 12:04:50.584234,21.18,34.55,956.93
2024-07-12 12:04:51.583325,21.17,34.54,956.92
2024-07-12 12:04:52.593450,21.17,34.54,956.95
2024-07-12 12:04:53.583114,21.17,34.54,956.95
2024-07-12 12:04:54.599724,21.17,34.54,956.93
2024-07-12 12:04:55.599745,21.17,34.54,956.95
2024-07-12 12:04:56.599859,21.17,34.54,956.95
2024-07-12 12:04:57.599887,21.16,34.53,956.97
2024-07-12 12:04:58.599710,21.16,34.54,956.93
2024-07-12 12:04:59.600517,21.16,34.54,956.97
2024-07-12 12:05:00.616382,21.15,34.54,956.93
2024-07-12 12:05:01.616063,21.15,34.54,956.95
2024-07-12 12:05:02.616620,21.16,34.54,956.94
2024-07-12 12:05:03.616451,21.15,34.55,956.93
2024-07-12 12:05:04.616581,21.15,34.55,956.95
2024-07-12 12:05:05.616366,21.14,34.56,956.94
2024-07-12 12:05:06.630443,21.14,34.56,956.93
2024-07-12 12:05:07.626617,21.14,34.57,956.93
2024-07-12 12:05:08.633632,21.14,34.57,956.95
2024-07-12 12:05:09.634079,21.13,34.58,956.96
2024-07-12 12:05:10.633669,21.13,34.58,956.92
2024-07-12 12:05:11.634170,21.13,34.58,956.92
2024-07-12 12:05:12.634923,21.13,34.59,956.95
2024-07-12 12:05:13.633503,21.12,34.59,956.96
2024-07-12 12:05:14.650055,21.12,34.59,956.94
2024-07-12 12:05:15.650109,21.12,34.59,956.94
2024-07-12 12:05:16.650063,21.12,34.58,956.95
2024-07-12 12:05:17.650319,21.12,34.58,956.95
2024-07-12 12:05:18.650014,21.12,34.57,956.95
2024-07-12 12:05:19.649893,21.11,34.57,956.96
2024-07-12 12:05:20.649917,21.11,34.57,956.94
2024-07-12 12:05:21.661431,21.11,34.57,956.94
2024-07-12 12:05:22.666748,21.1,34.55,956.94
2024-07-12 12:05:23.666436,21.1,34.55,956.96
2024-07-12 12:05:24.667066,21.1,34.55,956.96
2024-07-12 12:05:25.667119,21.09,34.55,956.95
2024-07-12 12:05:26.679707,21.09,34.54,956.96
2024-07-12 12:05:27.679847,21.09,34.55,956.95
2024-07-12 12:05:28.683248,21.09,34.55,956.93
2024-07-12 12:05:29.683367,21.08,34.55,956.95
2024-07-12 12:05:30.683281,21.08,34.54,956.94
2024-07-12 12:05:31.683871,21.08,34.55,956.96
2024-07-12 12:05:32.683570,21.07,34.55,956.94
2024-07-12 12:05:33.684108,21.08,34.56,956.94
2024-07-12 12:05:34.684293,21.07,34.56,956.94
2024-07-12 12:05:35.697923,21.07,34.55,956.9
2024-07-12 12:05:36.700058,21.06,34.56,956.91
2024-07-12 12:05:37.699861,21.06,34.55,956.94
2024-07-12 12:05:38.701241,21.06,34.52,956.93
2024-07-12 12:05:39.699796,21.05,34.49,956.92
2024-07-12 12:05:40.713990,21.06,34.46,956.94
2024-07-12 12:05:41.712334,21.05,34.45,956.92
2024-07-12 12:05:42.716689,21.05,34.46,956.92
2024-07-12 12:05:43.716708,21.04,34.48,956.93
2024-07-12 12:05:44.717706,21.04,34.48,956.91
2024-07-12 12:05:45.718658,21.04,34.49,956.93
2024-07-12 12:05:46.726255,21.03,34.49,956.92
2024-07-12 12:05:47.722465,21.03,34.5,956.94
2024-07-12 12:05:48.733360,21.03,34.5,956.93
2024-07-12 12:05:49.733275,21.03,34.5,956.92
2024-07-12 12:05:50.733336,21.02,34.5,956.93
2024-07-12 12:05:51.733411,21.03,34.51,956.93
2024-07-12 12:05:52.743098,21.02,34.51,956.9
2024-07-12 12:05:53.733397,21.02,34.53,956.93
2024-07-12 12:05:54.743862,21.02,34.53,956.97
2024-07-12 12:05:55.747357,21.01,34.53,956.94
2024-07-12 12:05:56.750225,21.01,34.54,956.94
2024-07-12 12:05:57.750764,21.01,34.54,956.94
2024-07-12 12:05:58.751876,21.01,34.54,956.92
2024-07-12 12:05:59.750019,21.0,34.54,956.93
2024-07-12 12:06:00.759390,21.01,34.55,956.92
2024-07-12 12:06:01.750230,21.0,34.55,956.92
2024-07-12 12:06:02.767828,21.0,34.55,956.93
2024-07-12 12:06:03.766887,20.99,34.55,956.92
2024-07-12 12:06:04.766889,20.99,34.56,956.95
2024-07-12 12:06:05.768307,20.99,34.56,956.94
2024-07-12 12:06:06.767399,20.99,34.57,956.93
2024-07-12 12:06:07.768516,20.99,34.57,956.93
2024-07-12 12:06:08.777780,20.98,34.58,956.9
2024-07-12 12:06:09.779116,20.99,34.58,956.95
2024-07-12 12:06:10.783782,20.98,34.58,956.95
2024-07-12 12:06:11.784469,20.98,34.59,956.93
2024-07-12 12:06:12.783585,20.97,34.59,956.9
2024-07-12 12:06:13.783468,20.97,34.59,956.93
2024-07-12 12:06:14.797216,20.97,34.59,956.93
2024-07-12 12:06:15.797180,20.97,34.59,956.93
2024-07-12 12:06:16.800296,20.96,34.59,956.91
2024-07-12 12:06:17.800237,20.96,34.59,956.93
2024-07-12 12:06:18.800229,20.96,34.59,956.93
2024-07-12 12:06:19.800828,20.96,34.59,956.92
2024-07-12 12:06:20.800274,20.95,34.6,956.93
2024-07-12 12:06:21.808174,20.95,34.6,956.95
2024-07-12 12:06:22.817264,20.94,34.61,956.94
2024-07-12 12:06:23.816899,20.94,34.59,956.93
2024-07-12 12:06:24.817427,20.94,34.58,956.92
2024-07-12 12:06:25.816933,20.93,34.56,956.93
2024-07-12 12:06:26.817298,20.93,34.58,956.92
2024-07-12 12:06:27.816962,20.93,34.55,956.93
2024-07-12 12:06:28.832220,20.93,34.55,956.92
2024-07-12 12:06:29.830238,20.92,34.55,956.92
2024-07-12 12:06:30.833707,20.92,34.56,956.91
2024-07-12 12:06:31.833801,20.92,34.57,956.89
2024-07-12 12:06:32.834329,20.91,34.57,956.94
2024-07-12 12:06:33.833789,20.91,34.56,956.92
2024-07-12 12:06:34.846605,20.91,34.54,956.9
2024-07-12 12:06:35.845664,20.91,34.48,956.93
2024-07-12 12:06:36.851153,20.9,34.48,956.92
2024-07-12 12:06:37.851122,20.9,34.49,956.94
2024-07-12 12:06:38.851097,20.9,34.52,956.9
2024-07-12 12:06:39.850498,20.9,34.53,956.91
2024-07-12 12:06:40.859108,20.89,34.53,956.9
2024-07-12 12:06:41.860400,20.89,34.55,956.91
2024-07-12 12:06:42.865999,20.89,34.55,956.93
2024-07-12 12:06:43.863461,20.89,34.56,956.93
2024-07-12 12:06:44.868383,20.89,34.57,956.91
2024-07-12 12:06:45.867759,20.89,34.57,956.93
2024-07-12 12:06:46.866974,20.88,34.58,956.91
2024-07-12 12:06:47.866930,20.87,34.58,956.91
2024-07-12 12:06:48.880186,20.87,34.58,956.91
2024-07-12 12:06:49.879744,20.87,34.58,956.91
2024-07-12 12:06:50.883770,20.87,34.58,956.9
2024-07-12 12:06:51.884742,20.87,34.58,956.91
2024-07-12 12:06:52.887319,20.87,34.59,956.93
2024-07-12 12:06:53.889556,20.87,34.58,956.92
2024-07-12 12:06:54.887717,20.87,34.58,956.93
2024-07-12 12:06:55.889546,20.86,34.56,956.91
2024-07-12 12:06:56.900507,20.86,34.57,956.9
2024-07-12 12:06:57.901187,20.86,34.58,956.92
2024-07-12 12:06:58.901415,20.86,34.58,956.91
2024-07-12 12:06:59.901481,20.85,34.59,956.91
2024-07-12 12:07:00.900784,20.85,34.6,956.92
2024-07-12 12:07:01.900516,20.85,34.6,956.92
2024-07-12 12:07:02.900459,20.85,34.61,956.92
2024-07-12 12:07:03.915169,20.85,34.61,956.91
2024-07-12 12:07:04.917736,20.84,34.61,956.91
2024-07-12 12:07:05.918375,20.84,34.62,956.91
2024-07-12 12:07:06.917003,20.84,34.62,956.89
2024-07-12 12:07:07.917360,20.84,34.62,956.92
2024-07-12 12:07:08.917343,20.82,34.63,956.9
2024-07-12 12:07:09.917182,20.82,34.63,956.91
2024-07-12 12:07:10.933905,20.83,34.63,956.92
2024-07-12 12:07:11.933754,20.82,34.63,956.92
2024-07-12 12:07:12.933863,20.82,34.63,956.93
2024-07-12 12:07:13.931048,20.82,34.63,956.9
2024-07-12 12:07:14.934142,20.82,34.65,956.91
2024-07-12 12:07:15.933855,20.82,34.65,956.91
2024-07-12 12:07:16.946508,20.82,34.65,956.91
2024-07-12 12:07:17.948411,20.82,34.66,956.93
2024-07-12 12:07:18.951809,20.81,34.66,956.93
2024-07-12 12:07:19.952629,20.81,34.67,956.91
2024-07-12 12:07:20.955552,20.81,34.67,956.92
2024-07-12 12:07:21.957087,20.81,34.67,956.94
2024-07-12 12:07:22.961048,20.8,34.67,956.93
2024-07-12 12:07:23.964728,20.8,34.68,956.93
2024-07-12 12:07:24.967680,20.8,34.68,956.92
2024-07-12 12:07:25.967969,20.8,34.68,956.93
2024-07-12 12:07:26.967121,20.8,34.68,956.94
2024-07-12 12:07:27.968508,20.79,34.69,956.93
2024-07-12 12:07:28.969795,20.79,34.69,956.93
2024-07-12 12:07:29.975667,20.79,34.69,956.97
2024-07-12 12:07:30.980090,20.79,34.69,956.95
2024-07-12 12:07:31.983984,20.79,34.68,956.94
2024-07-12 12:07:32.984378,20.79,34.68,956.95
2024-07-12 12:07:33.984459,20.79,34.68,956.94
2024-07-12 12:07:34.993223,20.78,34.68,956.91
2024-07-12 12:07:35.991242,20.78,34.69,956.93
2024-07-12 12:07:36.983790,20.77,34.69,956.91
2024-07-12 12:07:37.996164,20.77,34.7,956.91
2024-07-12 12:07:39.000871,20.77,34.69,956.93
2024-07-12 12:07:40.001059,20.76,34.7,956.9
2024-07-12 12:07:41.008436,20.76,34.71,956.91
2024-07-12 12:07:42.000732,20.75,34.71,956.92
2024-07-12 12:07:43.012715,20.75,34.7,956.92
2024-07-12 12:07:44.013828,20.75,34.69,956.93
2024-07-12 12:07:45.017398,20.75,34.67,956.9
2024-07-12 12:07:46.017761,20.75,34.67,956.93
2024-07-12 12:07:47.017856,20.75,34.69,956.92
2024-07-12 12:07:48.017311,20.74,34.71,956.92
2024-07-12 12:07:49.027944,20.74,34.72,956.94
2024-07-12 12:07:50.018166,20.75,34.72,956.92
2024-07-12 12:07:51.028922,20.74,34.72,956.92
2024-07-12 12:07:52.029582,20.74,34.73,956.9
2024-07-12 12:07:53.034123,20.74,34.73,956.93
2024-07-12 12:07:54.034099,20.74,34.73,956.93
2024-07-12 12:07:55.034026,20.74,34.73,956.94
2024-07-12 12:07:56.034594,20.74,34.73,956.91
2024-07-12 12:07:57.047267,20.73,34.73,956.92
2024-07-12 12:07:58.046462,20.73,34.73,956.91
2024-07-12 12:07:59.051393,20.73,34.73,956.93
2024-07-12 12:08:00.050919,20.73,34.73,956.93
2024-07-12 12:08:01.050864,20.73,34.73,956.94
2024-07-12 12:08:02.055390,20.73,34.74,956.94
2024-07-12 12:08:03.059707,20.72,34.73,956.92
2024-07-12 12:08:04.061299,20.72,34.74,956.92
2024-07-12 12:08:05.067794,20.72,34.73,956.94
2024-07-12 12:08:06.067496,20.72,34.74,956.93
2024-07-12 12:08:07.068150,20.72,34.74,956.92
2024-07-12 12:08:08.069228,20.72,34.74,956.94
2024-07-12 12:08:09.076485,20.71,34.75,956.94
2024-07-12 12:08:10.067604,20.72,34.75,956.95
2024-07-12 12:08:11.067523,20.71,34.75,956.92
2024-07-12 12:08:12.080891,20.71,34.74,956.93
2024-07-12 12:08:13.084059,20.7,34.73,956.91
2024-07-12 12:08:14.084852,20.71,34.73,956.96
2024-07-12 12:08:15.085203,20.7,34.73,956.93
2024-07-12 12:08:16.084257,20.7,34.73,956.92
2024-07-12 12:08:17.085302,20.69,34.73,956.97
2024-07-12 12:08:18.085194,20.69,34.73,956.94
2024-07-12 12:08:19.101727,20.68,34.74,956.94
2024-07-12 12:08:20.101989,20.68,34.74,956.96
2024-07-12 12:08:21.100815,20.68,34.74,956.94
2024-07-12 12:08:22.100854,20.68,34.74,956.95
2024-07-12 12:08:23.100959,20.68,34.74,956.99
2024-07-12 12:08:24.101524,20.68,34.74,956.95
2024-07-12 12:08:25.112654,20.67,34.74,956.95
2024-07-12 12:08:26.113001,20.67,34.74,956.96
2024-07-12 12:08:27.118710,20.67,34.74,956.96
2024-07-12 12:08:28.119418,20.67,34.74,956.93
2024-07-12 12:08:29.121263,20.67,34.74,956.93
2024-07-12 12:08:30.124637,20.67,34.75,956.94
2024-07-12 12:08:31.130154,20.66,34.75,956.95
2024-07-12 12:08:32.128392,20.66,34.75,956.94
2024-07-12 12:08:33.134381,20.66,34.75,956.96
2024-07-12 12:08:34.136429,20.66,34.75,956.96
2024-07-12 12:08:35.134157,20.66,34.76,956.95
2024-07-12 12:08:36.134356,20.66,34.76,956.93
2024-07-12 12:08:37.144049,20.66,34.76,956.95
2024-07-12 12:08:38.134333,20.66,34.76,956.96
2024-07-12 12:08:39.150972,20.65,34.76,956.96
2024-07-12 12:08:40.142829,20.65,34.76,956.94
2024-07-12 12:08:41.151290,20.65,34.77,956.93
2024-07-12 12:08:42.151802,20.65,34.77,956.93
2024-07-12 12:08:43.159272,20.64,34.78,956.98
2024-07-12 12:08:44.152018,20.65,34.78,956.93
2024-07-12 12:08:45.160452,20.64,34.78,956.93
2024-07-12 12:08:46.159720,20.64,34.78,956.94
2024-07-12 12:08:47.167927,20.64,34.79,956.95
2024-07-12 12:08:48.167674,20.64,34.79,956.95
2024-07-12 12:08:49.168604,20.64,34.79,956.95
2024-07-12 12:08:50.167696,20.63,34.79,956.98
2024-07-12 12:08:51.177718,20.64,34.79,956.96
2024-07-12 12:08:52.178553,20.63,34.79,956.95
2024-07-12 12:08:53.185041,20.63,34.79,956.94
2024-07-12 12:08:54.184546,20.63,34.79,956.94
2024-07-12 12:08:55.184951,20.63,34.8,956.93
2024-07-12 12:08:56.184557,20.62,34.79,956.96
2024-07-12 12:08:57.184544,20.62,34.79,956.96
2024-07-12 12:08:58.193190,20.62,34.8,956.96
2024-07-12 12:08:59.194223,20.62,34.81,956.98
2024-07-12 12:09:00.193655,20.61,34.81,956.98
2024-07-12 12:09:01.202547,20.61,34.81,956.94
2024-07-12 12:09:02.204271,20.61,34.81,956.98
2024-07-12 12:09:03.206420,20.61,34.82,956.94
2024-07-12 12:09:04.208427,20.6,34.82,956.95
2024-07-12 12:09:05.210795,20.6,34.83,956.95
2024-07-12 12:09:06.212686,20.59,34.83,956.91
2024-07-12 12:09:07.218006,20.59,34.83,956.92
2024-07-12 12:09:08.217614,20.59,34.83,956.95
2024-07-12 12:09:09.218576,20.6,34.83,956.95
2024-07-12 12:09:10.217883,20.6,34.83,956.96
2024-07-12 12:09:11.220222,20.59,34.83,956.94
2024-07-12 12:09:12.220310,20.6,34.84,956.95
2024-07-12 12:09:13.234508,20.59,34.85,956.94
2024-07-12 12:09:14.228106,20.59,34.85,956.97
2024-07-12 12:09:15.235821,20.59,34.87,956.97
2024-07-12 12:09:16.234565,20.59,34.88,956.98
2024-07-12 12:09:17.234697,20.59,34.89,956.96
2024-07-12 12:09:18.243579,20.58,34.89,956.96
2024-07-12 12:09:19.244057,20.58,34.89,956.96
2024-07-12 12:09:20.244224,20.57,34.89,956.95
2024-07-12 12:09:21.252204,20.57,34.89,956.95
2024-07-12 12:09:22.252094,20.58,34.9,956.94
2024-07-12 12:09:23.258627,20.57,34.9,956.95
2024-07-12 12:09:24.251227,20.57,34.91,956.97
2024-07-12 12:09:25.262398,20.57,34.91,956.95
2024-07-12 12:09:26.262271,20.57,34.92,956.96
2024-07-12 12:09:27.268614,20.56,34.92,956.97
2024-07-12 12:09:28.268663,20.56,34.92,956.93
2024-07-12 12:09:29.268975,20.56,34.91,956.94
2024-07-12 12:09:30.268002,20.56,34.9,956.91
2024-07-12 12:09:31.268323,20.56,34.89,956.94
2024-07-12 12:09:32.268897,20.56,34.96,956.98
2024-07-12 12:09:33.280879,20.55,35.06,956.95
2024-07-12 12:09:34.267961,20.55,35.14,956.94
2024-07-12 12:09:35.287003,20.55,35.18,956.96
2024-07-12 12:09:36.286534,20.55,35.23,956.97
2024-07-12 12:09:37.285223,20.56,35.26,956.97
2024-07-12 12:09:38.289050,20.55,35.36,956.94
2024-07-12 12:09:39.285704,20.55,35.44,956.95
2024-07-12 12:09:40.294808,20.55,35.53,956.97
2024-07-12 12:09:41.301525,20.55,35.59,956.97
2024-07-12 12:09:42.301580,20.55,35.63,956.95
2024-07-12 12:09:43.301659,20.55,35.65,956.94
2024-07-12 12:09:44.301484,20.55,35.66,956.96
2024-07-12 12:09:45.311033,20.55,35.66,956.94
2024-07-12 12:09:46.311496,20.55,35.62,956.95
2024-07-12 12:09:47.311155,20.55,35.58,956.96
2024-07-12 12:09:48.314635,20.55,35.53,956.98
2024-07-12 12:09:49.318524,20.55,35.51,956.93
2024-07-12 12:09:50.318708,20.54,35.5,956.9
2024-07-12 12:09:51.318831,20.58,36.94,956.82
2024-07-12 12:09:52.318431,20.6,38.97,956.89
2024-07-12 12:09:53.329764,20.61,40.92,959.45
2024-07-12 12:09:54.327805,20.84,51.95,957.12
2024-07-12 12:09:55.335623,20.9,59.46,956.45
2024-07-12 12:09:56.335293,20.9,61.59,957.16
2024-07-12 12:09:57.335357,21.04,64.54,956.94
2024-07-12 12:09:58.335037,21.08,65.71,956.95
2024-07-12 12:09:59.344615,21.12,65.9,956.81
2024-07-12 12:10:00.345820,21.17,64.02,956.96
2024-07-12 12:10:01.351437,21.23,63.23,956.92
2024-07-12 12:10:02.351697,21.34,63.19,956.85
2024-07-12 12:10:03.352147,21.52,61.9,956.99
2024-07-12 12:10:04.351741,21.64,60.22,957.49
2024-07-12 12:10:05.360602,21.73,62.76,957.46
2024-07-12 12:10:06.351433,21.93,67.07,956.44
2024-07-12 12:10:07.361591,21.86,67.5,957.19
2024-07-12 12:10:08.365211,21.91,67.58,956.24
2024-07-12 12:10:09.369057,21.94,66.64,957.33
2024-07-12 12:10:10.368697,22.05,68.22,956.94
2024-07-12 12:10:11.368911,22.1,68.13,954.97
2024-07-12 12:10:12.368211,22.2,66.64,957.52
2024-07-12 12:10:13.377570,22.5,69.87,957.23
2024-07-12 12:10:14.368693,22.56,70.21,957.29
2024-07-12 12:10:15.386290,22.65,70.0,957.16
2024-07-12 12:10:16.385728,22.8,70.38,957.01
2024-07-12 12:10:17.385651,22.94,70.85,957.15
2024-07-12 12:10:18.385729,23.05,70.73,955.5
2024-07-12 12:10:19.395191,23.25,71.6,957.03
2024-07-12 12:10:20.395144,23.3,72.16,956.86
2024-07-12 12:10:21.401458,23.27,70.3,957.33
2024-07-12 12:10:22.401400,23.25,70.56,957.05
2024-07-12 12:10:23.401594,23.31,71.46,957.17
2024-07-12 12:10:24.401743,23.34,71.83,955.76
2024-07-12 12:10:25.402189,23.35,71.16,957.13
2024-07-12 12:10:26.402307,23.41,70.28,957.11
2024-07-12 12:10:27.414516,23.46,69.79,957.31
2024-07-12 12:10:28.402235,23.64,71.7,957.49
2024-07-12 12:10:29.419115,23.88,73.64,957.1
2024-07-12 12:10:30.419312,23.74,72.53,956.95
2024-07-12 12:10:31.418589,23.74,72.22,957.18
2024-07-12 12:10:32.424278,23.8,72.87,957.05
2024-07-12 12:10:33.429379,23.81,73.25,957.03
2024-07-12 12:10:34.428357,23.85,73.41,957.08
2024-07-12 12:10:35.435133,23.93,73.6,957.05
2024-07-12 12:10:36.435752,24.04,73.92,957.25
2024-07-12 12:10:37.434947,24.13,74.1,957.09
2024-07-12 12:10:38.435012,24.18,74.29,957.02
2024-07-12 12:10:39.444318,24.23,74.47,957.08
2024-07-12 12:10:40.435083,24.24,74.42,957.06
2024-07-12 12:10:41.445654,24.28,74.24,955.2
2024-07-12 12:10:42.443735,24.24,73.57,957.0
2024-07-12 12:10:43.453631,24.3,73.74,957.11
2024-07-12 12:10:44.454835,24.35,74.02,956.78
2024-07-12 12:10:45.456393,24.3,72.79,955.48
2024-07-12 12:10:46.458059,24.21,71.08,956.88
2024-07-12 12:10:47.462572,24.2,71.62,957.16
2024-07-12 12:10:48.463988,24.31,73.43,957.29
2024-07-12 12:10:49.468345,24.36,74.58,957.06
2024-07-12 12:10:50.468397,24.34,74.83,957.09
2024-07-12 12:10:51.468523,24.38,74.86,957.1
2024-07-12 12:10:52.468758,24.43,74.63,956.59
2024-07-12 12:10:53.478334,24.42,73.93,957.32
2024-07-12 12:10:54.478906,24.59,75.0,957.16
2024-07-12 12:10:55.479628,24.67,75.41,956.96
2024-07-12 12:10:56.485109,24.75,75.47,957.05
2024-07-12 12:10:57.485369,24.89,75.69,957.12
2024-07-12 12:10:58.484919,25.01,75.94,957.13
2024-07-12 12:10:59.485679,25.06,75.84,957.12
2024-07-12 12:11:00.485583,25.1,75.35,955.24
2024-07-12 12:11:01.494903,25.03,73.97,957.12
2024-07-12 12:11:02.494787,25.26,75.92,957.06
2024-07-12 12:11:03.501787,25.26,76.63,957.01
2024-07-12 12:11:04.501780,25.21,76.65,956.98
2024-07-12 12:11:05.501820,25.24,76.51,956.23
2024-07-12 12:11:06.507941,25.08,71.72,956.54
2024-07-12 12:11:07.511839,24.99,71.47,957.31
2024-07-12 12:11:08.511964,25.15,75.13,957.17
2024-07-12 12:11:09.518840,25.09,75.36,956.31
2024-07-12 12:11:10.518694,25.02,74.03,957.19
2024-07-12 12:11:11.518511,25.07,74.96,956.93
2024-07-12 12:11:12.518694,25.1,75.8,957.1
2024-07-12 12:11:13.525824,25.12,76.14,956.53
2024-07-12 12:11:14.527453,25.1,74.9,957.28
2024-07-12 12:11:15.527641,25.15,75.51,957.17
2024-07-12 12:11:16.527646,25.15,75.82,955.83
2024-07-12 12:11:17.535836,25.11,75.35,957.22
2024-07-12 12:11:18.538682,25.18,76.23,956.88
2024-07-12 12:11:19.535193,25.17,76.24,956.84
2024-07-12 12:11:20.535261,25.14,75.8,957.0
2024-07-12 12:11:21.545380,25.22,76.27,956.65
2024-07-12 12:11:22.545782,25.17,75.59,957.23
2024-07-12 12:11:23.552569,25.22,76.08,956.95
2024-07-12 12:11:24.551832,25.29,76.67,956.98
2024-07-12 12:11:25.551722,25.33,76.97,957.18
2024-07-12 12:11:26.552849,25.41,77.18,954.92
2024-07-12 12:11:27.562729,25.32,76.2,957.03
2024-07-12 12:11:28.561233,25.4,76.83,955.19
2024-07-12 12:11:29.561574,25.28,74.84,957.25
2024-07-12 12:11:30.568470,25.3,75.04,957.76
2024-07-12 12:11:31.568884,25.37,76.27,957.11
2024-07-12 12:11:32.568935,25.43,77.04,956.56
2024-07-12 12:11:33.570974,25.36,75.94,957.25
2024-07-12 12:11:34.563861,25.39,76.15,957.12
2024-07-12 12:11:35.581494,25.4,76.57,956.17
2024-07-12 12:11:36.580746,25.35,74.73,957.2
2024-07-12 12:11:37.579110,25.4,75.37,957.15
2024-07-12 12:11:38.580420,25.41,76.13,956.09
2024-07-12 12:11:39.594608,25.35,73.92,957.33
2024-07-12 12:11:40.588918,25.44,75.36,954.88
2024-07-12 12:11:41.598292,25.31,72.33,957.62
2024-07-12 12:11:42.595364,25.35,72.8,957.34
2024-07-12 12:11:43.592656,25.42,74.08,956.97
2024-07-12 12:11:44.604177,25.48,75.06,957.34
2024-07-12 12:11:45.602916,25.66,76.59,957.19
2024-07-12 12:11:46.602228,25.65,76.98,957.26
2024-07-12 12:11:47.609544,25.68,77.33,956.81
2024-07-12 12:11:48.612172,25.66,76.76,956.73
2024-07-12 12:11:49.617510,25.63,75.64,957.56
2024-07-12 12:11:50.613741,25.7,76.24,957.14
2024-07-12 12:11:51.619206,25.72,76.89,956.79
2024-07-12 12:11:52.618691,25.67,75.85,957.6
2024-07-12 12:11:53.623202,25.69,75.58,957.21
2024-07-12 12:11:54.618890,25.73,76.1,955.89
2024-07-12 12:11:55.618937,25.64,73.87,957.6
2024-07-12 12:11:56.619285,25.7,74.89,957.19
2024-07-12 12:11:57.636139,25.74,76.1,956.98
2024-07-12 12:11:58.635678,25.66,74.61,955.72
2024-07-12 12:11:59.635637,25.67,73.84,957.35
2024-07-12 12:12:00.640054,25.78,76.19,957.05
2024-07-12 12:12:01.635404,25.73,76.54,956.47
2024-07-12 12:12:02.643162,25.67,74.74,957.26
2024-07-12 12:12:03.652330,25.74,75.18,956.72
2024-07-12 12:12:04.651827,25.7,72.82,955.94
2024-07-12 12:12:05.652105,25.73,71.91,957.53
2024-07-12 12:12:06.652226,25.99,75.84,957.38
2024-07-12 12:12:07.652133,25.97,76.63,955.73
2024-07-12 12:12:08.658761,25.78,73.2,956.65
2024-07-12 12:12:09.652857,25.9,73.32,957.44
2024-07-12 12:12:10.652656,26.11,76.25,957.1
2024-07-12 12:12:11.671787,25.96,75.5,955.95
2024-07-12 12:12:12.668938,25.91,72.78,957.41
2024-07-12 12:12:13.671475,26.06,75.45,957.24
2024-07-12 12:12:14.669610,26.02,75.63,956.02
2024-07-12 12:12:15.680580,25.92,72.21,957.16
2024-07-12 12:12:16.670439,25.93,71.66,957.39
2024-07-12 12:12:17.685429,26.06,74.83,957.21
2024-07-12 12:12:18.686035,26.0,74.49,956.06
2024-07-12 12:12:19.689162,25.95,72.46,957.35
2024-07-12 12:12:20.688576,26.03,74.59,956.16
2024-07-12 12:12:21.687836,25.95,71.81,956.5
2024-07-12 12:12:22.696045,26.02,71.96,957.39
2024-07-12 12:12:23.696203,26.13,74.84,957.26
2024-07-12 12:12:24.688557,26.04,73.19,955.27
2024-07-12 12:12:25.703122,26.01,68.35,956.36
2024-07-12 12:12:26.702858,26.21,71.28,957.54
2024-07-12 12:12:27.702394,26.47,75.34,957.17
2024-07-12 12:12:28.702320,26.35,75.63,956.04
2024-07-12 12:12:29.712122,26.2,72.77,957.36
2024-07-12 12:12:30.702106,26.35,74.78,957.11
2024-07-12 12:12:31.719568,26.38,75.33,956.39
2024-07-12 12:12:32.719698,26.27,72.66,956.37
2024-07-12 12:12:33.719712,26.27,70.88,957.34
2024-07-12 12:12:34.719732,26.38,74.01,956.61
2024-07-12 12:12:35.722007,26.3,72.21,956.45
2024-07-12 12:12:36.722287,26.31,70.99,957.29
2024-07-12 12:12:37.730871,26.38,73.25,956.36
2024-07-12 12:12:38.735318,26.31,70.37,957.38
2024-07-12 12:12:39.735753,26.31,68.91,957.14
2024-07-12 12:12:40.735746,26.33,70.09,957.17
2024-07-12 12:12:41.744703,26.31,69.93,956.19
2024-07-12 12:12:42.736328,26.31,67.45,957.28
2024-07-12 12:12:43.736182,26.34,69.25,956.93
2024-07-12 12:12:44.743905,26.34,69.76,956.21
2024-07-12 12:12:45.752359,26.32,66.84,957.28
2024-07-12 12:12:46.753279,26.36,68.07,957.06
2024-07-12 12:12:47.755740,26.36,69.49,957.1
2024-07-12 12:12:48.752465,26.35,68.96,956.19
2024-07-12 12:12:49.764391,26.34,66.02,957.29
2024-07-12 12:12:50.764113,26.39,67.8,957.06
2024-07-12 12:12:51.770779,26.38,69.03,956.29
2024-07-12 12:12:52.762799,26.37,66.07,957.3
2024-07-12 12:12:53.770929,26.43,67.87,957.06
2024-07-12 12:12:54.760803,26.42,69.42,956.09
2024-07-12 12:12:55.768278,26.38,65.23,957.28
2024-07-12 12:12:56.772817,26.47,67.94,957.15
2024-07-12 12:12:57.783685,26.48,70.59,956.99
2024-07-12 12:12:58.776733,26.44,68.9,955.75
2024-07-12 12:12:59.784780,26.46,65.04,957.3
2024-07-12 12:13:00.782659,26.63,69.48,957.11
2024-07-12 12:13:01.795259,26.64,71.31,956.95
2024-07-12 12:13:02.788687,26.63,71.61,956.22
2024-07-12 12:13:03.798368,26.6,67.65,955.52
2024-07-12 12:13:04.796803,26.58,62.18,954.97
2024-07-12 12:13:05.796058,26.77,66.01,957.82
2024-07-12 12:13:06.792464,27.01,69.91,957.5
2024-07-12 12:13:07.806565,27.1,74.15,957.09
2024-07-12 12:13:08.804330,27.06,74.52,956.71
2024-07-12 12:13:09.815563,26.89,73.57,957.16
2024-07-12 12:13:10.811586,26.91,72.86,957.05
2024-07-12 12:13:11.807960,26.95,72.97,956.91
2024-07-12 12:13:12.819662,26.98,73.19,956.89
2024-07-12 12:13:13.816786,26.96,71.32,957.45
2024-07-12 12:13:14.820745,26.97,70.38,957.04
2024-07-12 12:13:15.825484,26.98,71.05,957.05
2024-07-12 12:13:16.823619,26.95,69.99,956.14
2024-07-12 12:13:17.835645,26.94,68.0,957.19
2024-07-12 12:13:18.833099,26.97,70.24,956.42
2024-07-12 12:13:19.837506,26.93,67.82,956.06
2024-07-12 12:13:20.825847,26.94,66.33,957.34
2024-07-12 12:13:21.837234,27.02,70.57,957.06
2024-07-12 12:13:22.835600,27.0,71.65,957.06
2024-07-12 12:13:23.845587,26.99,71.88,957.45
2024-07-12 12:13:24.842499,27.01,71.83,956.0
2024-07-12 12:13:25.839644,26.96,68.51,957.25
2024-07-12 12:13:26.853865,27.04,70.66,956.94
2024-07-12 12:13:27.849275,27.01,69.52,956.63
2024-07-12 12:13:28.845663,27.04,68.49,957.16
2024-07-12 12:13:29.856178,27.08,70.67,956.22
2024-07-12 12:13:30.854234,27.02,66.82,957.24
2024-07-12 12:13:31.863208,27.1,68.25,957.08
2024-07-12 12:13:32.863075,27.11,70.12,956.05
2024-07-12 12:13:33.859772,27.06,66.02,957.21
2024-07-12 12:13:34.870929,27.12,67.12,957.05
2024-07-12 12:13:35.870652,27.13,68.9,956.18
2024-07-12 12:13:36.877375,27.09,65.38,957.38
2024-07-12 12:13:37.872207,27.12,64.41,957.11
2024-07-12 12:13:38.880175,27.13,66.47,956.56
2024-07-12 12:13:39.887123,27.12,65.86,956.91
2024-07-12 12:13:40.887171,27.21,68.41,956.92
2024-07-12 12:13:41.884105,27.17,68.76,954.72
2024-07-12 12:13:42.882181,27.02,64.67,956.98
2024-07-12 12:13:43.892899,27.03,65.87,957.1
2024-07-12 12:13:44.894169,27.09,69.95,957.17
2024-07-12 12:13:45.895233,27.12,72.09,956.95
2024-07-12 12:13:46.891133,27.08,72.81,956.5
2024-07-12 12:13:47.901460,27.02,71.44,957.11
2024-07-12 12:13:48.905101,27.04,71.25,956.93
2024-07-12 12:13:49.903368,27.05,70.87,957.12
2024-07-12 12:13:50.905998,27.01,69.77,956.99
2024-07-12 12:13:51.904038,27.02,69.79,957.17
2024-07-12 12:13:52.915989,27.01,70.0,956.96
2024-07-12 12:13:53.919186,26.98,68.35,956.42
2024-07-12 12:13:54.919328,26.96,64.73,957.12
2024-07-12 12:13:55.925519,27.03,67.49,957.12
2024-07-12 12:13:56.926844,27.06,70.04,957.44
2024-07-12 12:13:57.927829,27.06,70.47,956.12
2024-07-12 12:13:58.929889,27.03,67.06,957.2
2024-07-12 12:13:59.936361,27.05,67.59,957.04
2024-07-12 12:14:00.935758,27.04,68.39,956.0
2024-07-12 12:14:01.937445,26.97,63.76,956.94
2024-07-12 12:14:02.937602,27.0,65.77,957.27
2024-07-12 12:14:03.947344,27.06,69.61,957.07
2024-07-12 12:14:04.945127,27.03,70.83,956.96
2024-07-12 12:14:05.946027,27.02,71.17,956.28
2024-07-12 12:14:06.950184,26.97,68.46,957.22
2024-07-12 12:14:07.953659,26.99,68.77,957.0
2024-07-12 12:14:08.953473,26.98,69.36,957.06
2024-07-12 12:14:09.949733,26.97,69.61,956.77
2024-07-12 12:14:10.948931,26.94,66.78,956.33
2024-07-12 12:14:11.962961,26.94,65.46,957.16
2024-07-12 12:14:12.958988,27.01,69.32,956.92
2024-07-12 12:14:13.970923,26.97,70.3,956.51
2024-07-12 12:14:14.964915,26.92,67.17,956.93
2024-07-12 12:14:15.975252,26.93,65.86,957.09
2024-07-12 12:14:16.968401,26.95,68.37,956.89
2024-07-12 12:14:17.978653,26.94,69.05,956.08
2024-07-12 12:14:18.974313,26.9,65.32,957.2
2024-07-12 12:14:19.986098,26.95,66.46,957.16
2024-07-12 12:14:20.980204,26.96,68.08,956.99
2024-07-12 12:14:21.987286,26.94,68.67,956.02
2024-07-12 12:14:22.987977,26.89,64.13,957.26
2024-07-12 12:14:23.993379,26.97,67.92,957.0
2024-07-12 12:14:24.989975,26.96,69.36,955.94
2024-07-12 12:14:26.001454,26.9,64.31,957.29
2024-07-12 12:14:26.998175,26.98,67.48,957.07
2024-07-12 12:14:27.993811,26.97,69.63,957.35
2024-07-12 12:14:29.005594,26.96,69.95,956.08
2024-07-12 12:14:30.003333,26.92,65.78,957.23
2024-07-12 12:14:31.010616,26.97,67.33,957.04
2024-07-12 12:14:32.003373,26.97,69.05,956.96
2024-07-12 12:14:33.016293,26.95,67.96,956.15
2024-07-12 12:14:34.013295,26.93,65.25,957.12
2024-07-12 12:14:35.022012,26.96,67.13,957.22
2024-07-12 12:14:36.020216,26.96,67.39,956.03
2024-07-12 12:14:37.025235,26.92,63.8,957.24
2024-07-12 12:14:38.021311,26.97,66.43,956.92
2024-07-12 12:14:39.025956,26.96,67.6,956.39
2024-07-12 12:14:40.034425,26.94,64.47,957.23
2024-07-12 12:14:41.027646,26.96,64.85,956.99
2024-07-12 12:14:42.035786,26.96,66.41,956.89
2024-07-12 12:14:43.028506,26.95,65.32,956.68
2024-07-12 12:14:44.037969,26.95,63.48,957.09
2024-07-12 12:14:45.032511,26.96,65.56,957.07
2024-07-12 12:14:46.044916,26.96,64.98,955.73
2024-07-12 12:14:47.039418,26.97,62.72,957.2
2024-07-12 12:14:48.048435,27.04,67.13,956.86
2024-07-12 12:14:49.053782,27.02,67.38,956.08
2024-07-12 12:14:50.056900,26.98,62.94,957.19
2024-07-12 12:14:51.054308,27.04,65.7,957.02
2024-07-12 12:14:52.064249,27.04,67.15,956.26
2024-07-12 12:14:53.061060,27.02,64.3,957.17
2024-07-12 12:14:54.069774,27.05,63.78,957.01
2024-07-12 12:14:55.055390,27.05,65.27,956.95
2024-07-12 12:14:56.065180,27.05,64.5,956.43
2024-07-12 12:14:57.070921,27.04,62.36,957.19
2024-07-12 12:14:58.077603,27.08,63.41,956.97
2024-07-12 12:14:59.075351,27.07,65.02,956.74
2024-07-12 12:15:00.071530,27.08,63.69,956.45
2024-07-12 12:15:01.080434,27.08,61.66,957.1
2024-07-12 12:15:02.079767,27.13,65.21,956.94
2024-07-12 12:15:03.076847,27.12,64.83,956.89
2024-07-12 12:15:04.091664,27.12,62.85,957.08
2024-07-12 12:15:05.088662,27.12,62.73,956.96
2024-07-12 12:15:06.099225,27.14,64.04,956.09
2024-07-12 12:15:07.092380,27.12,60.55,957.13
2024-07-12 12:15:08.103501,27.14,59.48,956.78
2024-07-12 12:15:09.105426,27.15,58.65,957.18
2024-07-12 12:15:10.104738,27.21,61.93,957.09
2024-07-12 12:15:11.107353,27.25,63.85,956.16
2024-07-12 12:15:12.107314,27.26,60.89,957.1
2024-07-12 12:15:13.106027,27.29,60.47,956.96
2024-07-12 12:15:14.104434,27.32,61.92,956.23
2024-07-12 12:15:15.116183,27.31,58.17,956.13
2024-07-12 12:15:16.122206,27.34,55.32,956.87
2024-07-12 12:15:17.123277,27.36,55.0,956.96
2024-07-12 12:15:18.120356,27.38,55.9,956.83
2024-07-12 12:15:19.121298,27.39,57.37,957.19
2024-07-12 12:15:20.130609,27.41,59.09,957.32
2024-07-12 12:15:21.126920,27.44,61.76,957.14
2024-07-12 12:15:22.138219,27.53,65.38,956.96
2024-07-12 12:15:23.138656,27.53,66.96,957.0
2024-07-12 12:15:24.137999,27.58,67.81,956.75
2024-07-12 12:15:25.143100,27.62,68.05,956.87
2024-07-12 12:15:26.140830,27.76,70.11,956.99
2024-07-12 12:15:27.139304,27.9,72.12,956.36
2024-07-12 12:15:28.139227,27.66,69.42,956.48
2024-07-12 12:15:29.149033,27.63,68.16,957.46
2024-07-12 12:15:30.146051,27.78,71.17,956.88
2024-07-12 12:15:31.157904,27.69,70.76,955.1
2024-07-12 12:15:32.151350,27.56,63.85,957.51
2024-07-12 12:15:33.163817,27.55,63.12,957.34
2024-07-12 12:15:34.159340,27.79,70.23,957.18
2024-07-12 12:15:35.158377,27.84,72.77,957.17
2024-07-12 12:15:36.172033,27.77,73.5,957.15
2024-07-12 12:15:37.169619,27.78,74.04,956.44
2024-07-12 12:15:38.175056,27.66,72.03,957.22
2024-07-12 12:15:39.176868,27.7,72.28,957.01
2024-07-12 12:15:40.179706,27.71,72.71,956.81
2024-07-12 12:15:41.181504,27.67,71.23,956.12
2024-07-12 12:15:42.185276,27.64,69.32,957.17
2024-07-12 12:15:43.188143,27.66,71.08,956.93
2024-07-12 12:15:44.189959,27.65,71.62,956.89
2024-07-12 12:15:45.193108,27.64,71.91,956.92
2024-07-12 12:15:46.197940,27.64,72.15,956.79
2024-07-12 12:15:47.196201,27.59,69.78,956.02
2024-07-12 12:15:48.199300,27.59,68.44,957.14
2024-07-12 12:15:49.202986,27.61,70.6,956.96
2024-07-12 12:15:50.207814,27.58,70.58,955.71
2024-07-12 12:15:51.207558,27.53,66.63,957.22
2024-07-12 12:15:52.212224,27.6,69.53,957.0
2024-07-12 12:15:53.212381,27.54,68.9,955.39
2024-07-12 12:15:54.218137,27.51,66.39,957.32
2024-07-12 12:15:55.216912,27.71,71.97,957.22
2024-07-12 12:15:56.222237,27.63,71.96,955.53
2024-07-12 12:15:57.221850,27.53,66.12,957.21
2024-07-12 12:15:58.226485,27.63,67.71,957.12
2024-07-12 12:15:59.226737,27.66,69.98,956.61
2024-07-12 12:16:00.232393,27.62,67.3,956.52
2024-07-12 12:16:01.232530,27.65,66.66,957.06
2024-07-12 12:16:02.236909,27.66,68.84,956.82
2024-07-12 12:16:03.237032,27.65,69.42,956.63
2024-07-12 12:16:04.242240,27.62,66.72,957.15
2024-07-12 12:16:05.241948,27.63,65.23,956.87
2024-07-12 12:16:06.247528,27.65,66.37,956.23
2024-07-12 12:16:07.246915,27.62,63.39,957.15
2024-07-12 12:16:08.252167,27.64,63.76,956.93
2024-07-12 12:16:09.251381,27.63,65.16,956.81
2024-07-12 12:16:10.255497,27.64,65.71,956.89
2024-07-12 12:16:11.253649,27.62,64.08,956.35
2024-07-12 12:16:12.260747,27.65,63.2,957.07
2024-07-12 12:16:13.261758,27.66,65.79,956.41
2024-07-12 12:16:14.266686,27.62,62.19,954.69
2024-07-12 12:16:15.266439,27.57,56.24,955.95
2024-07-12 12:16:16.271595,27.79,63.61,957.44
2024-07-12 12:16:17.271752,27.98,70.2,957.18
2024-07-12 12:16:18.274064,27.98,72.18,957.08
2024-07-12 12:16:19.276383,27.95,72.98,956.83
2024-07-12 12:16:20.281898,27.92,72.88,957.15
2024-07-12 12:16:21.281300,27.92,73.04,957.24
2024-07-12 12:16:22.286176,27.93,73.25,956.82
2024-07-12 12:16:23.285829,27.94,73.47,956.74
2024-07-12 12:16:24.290686,27.89,71.05,957.36
2024-07-12 12:16:25.291584,27.9,70.19,957.0
2024-07-12 12:16:26.291621,27.93,70.94,956.76
2024-07-12 12:16:27.286989,27.95,71.54,956.97
2024-07-12 12:16:28.287096,27.95,71.53,955.15
2024-07-12 12:16:29.295589,27.87,65.77,957.24
2024-07-12 12:16:30.303636,27.92,67.78,957.17
2024-07-12 12:16:31.304205,27.93,69.29,956.85
2024-07-12 12:16:32.303575,27.99,70.84,956.95
2024-07-12 12:16:33.303526,28.09,72.32,956.86
2024-07-12 12:16:34.303515,28.11,72.89,957.28
2024-07-12 12:16:35.312235,28.12,73.0,956.98
2024-07-12 12:16:36.319858,28.16,73.12,957.08
2024-07-12 12:16:37.319770,28.21,73.26,956.4
2024-07-12 12:16:38.321290,28.16,69.32,955.91
2024-07-12 12:16:39.323517,28.14,66.28,957.1
2024-07-12 12:16:40.320375,28.17,68.03,956.71
2024-07-12 12:16:41.320350,28.11,66.01,957.13
2024-07-12 12:16:42.326558,28.1,65.17,957.03
2024-07-12 12:16:43.328841,28.09,66.76,956.15
2024-07-12 12:16:44.336821,28.04,63.98,957.17
2024-07-12 12:16:45.337849,28.06,66.04,955.36
2024-07-12 12:16:46.336955,27.98,63.1,956.13
2024-07-12 12:16:47.336966,27.97,59.76,957.03
2024-07-12 12:16:48.345596,28.02,61.71,957.18
2024-07-12 12:16:49.346309,28.08,66.72,956.91
2024-07-12 12:16:50.353660,28.07,68.36,956.92
2024-07-12 12:16:51.353861,28.09,69.54,957.15
2024-07-12 12:16:52.353688,28.07,70.13,956.83
2024-07-12 12:16:53.353649,28.07,70.6,956.91
2024-07-12 12:16:54.353658,28.07,70.86,956.84
2024-07-12 12:16:55.362996,28.07,71.08,956.86
2024-07-12 12:16:56.353782,28.09,71.37,956.85
2024-07-12 12:16:57.362832,28.03,68.8,955.24
2024-07-12 12:16:58.370465,27.96,62.72,957.3
2024-07-12 12:16:59.370280,28.18,69.06,957.14
2024-07-12 12:17:00.372321,28.19,72.09,956.86
2024-07-12 12:17:01.384059,28.02,68.32,955.14
2024-07-12 12:17:02.371843,27.98,61.99,957.68
2024-07-12 12:17:03.382258,28.29,69.52,957.28
2024-07-12 12:17:04.388632,28.34,72.74,957.0
2024-07-12 12:17:05.387531,28.29,72.95,955.86
2024-07-12 12:17:06.387100,28.21,68.48,957.27
2024-07-12 12:17:07.387120,28.35,71.14,957.05
2024-07-12 12:17:08.395566,28.37,71.97,955.81
2024-07-12 12:17:09.396642,28.3,66.93,957.14
2024-07-12 12:17:10.403289,28.32,66.41,956.89
2024-07-12 12:17:11.403323,28.36,67.82,956.81
2024-07-12 12:17:12.407115,28.35,67.38,956.19
2024-07-12 12:17:13.403791,28.31,63.57,957.1
2024-07-12 12:17:14.408082,28.31,63.91,956.89
2024-07-12 12:17:15.403799,28.33,65.7,957.03
2024-07-12 12:17:16.412455,28.31,65.67,955.69
2024-07-12 12:17:17.413555,28.27,60.82,957.18
2024-07-12 12:17:18.420562,28.33,64.86,957.02
2024-07-12 12:17:19.420398,28.33,67.37,956.37
2024-07-12 12:17:20.420630,28.28,63.89,957.04
2024-07-12 12:17:21.423421,28.3,63.34,956.81
2024-07-12 12:17:22.428611,28.31,64.4,957.71
2024-07-12 12:17:23.430601,28.3,65.28,957.06
2024-07-12 12:17:24.437217,28.29,64.49,955.9
2024-07-12 12:17:25.437125,28.23,58.65,955.51
2024-07-12 12:17:26.437963,28.24,57.13,957.34
2024-07-12 12:17:27.437375,28.42,66.03,957.06
2024-07-12 12:17:28.445978,28.38,68.93,956.95
2024-07-12 12:17:29.440276,28.38,70.11,956.54
2024-07-12 12:17:30.447845,28.34,67.37,956.19
2024-07-12 12:17:31.446477,28.35,63.69,957.02
2024-07-12 12:17:32.455645,28.38,65.08,956.97
2024-07-12 12:17:33.456255,28.38,66.02,956.89
2024-07-12 12:17:34.454214,28.36,64.76,956.33
2024-07-12 12:17:35.454006,28.33,61.45,957.02
2024-07-12 12:17:36.455107,28.35,62.59,956.77
2024-07-12 12:17:37.455178,28.33,62.37,956.84
2024-07-12 12:17:38.470960,28.3,59.67,956.83
2024-07-12 12:17:39.471854,28.29,59.45,957.07
2024-07-12 12:17:40.476368,28.29,60.71,955.64
2024-07-12 12:17:41.470768,28.22,55.07,956.02
2024-07-12 12:17:42.470930,28.33,59.47,957.39
2024-07-12 12:17:43.470966,28.47,67.08,956.97
2024-07-12 12:17:44.484901,28.42,67.78,955.83
2024-07-12 12:17:45.486884,28.35,63.61,957.08
2024-07-12 12:17:46.489420,28.39,64.71,956.28
2024-07-12 12:17:47.487388,28.36,61.45,957.16
2024-07-12 12:17:48.496448,28.38,62.28,956.77
2024-07-12 12:17:49.487557,28.36,61.53,956.14
2024-07-12 12:17:50.488631,28.35,58.71,957.2
2024-07-12 12:17:51.496134,28.41,63.54,955.84
2024-07-12 12:17:52.504449,28.34,58.12,957.38
2024-07-12 12:17:53.504030,28.51,65.13,957.15
2024-07-12 12:17:54.505220,28.5,67.5,955.47
2024-07-12 12:17:55.503897,28.39,60.23,955.9
2024-07-12 12:17:56.505602,28.4,54.84,957.63
2024-07-12 12:17:57.504001,28.5,59.41,957.25
2024-07-12 12:17:58.520620,28.57,66.12,956.78
2024-07-12 12:17:59.520629,28.56,67.28,957.23
2024-07-12 12:18:00.520944,28.55,68.5,957.05
2024-07-12 12:18:01.520626,28.49,66.74,956.38
2024-07-12 12:18:02.520913,28.45,63.4,957.02
2024-07-12 12:18:03.520877,28.44,62.27,956.43
2024-07-12 12:18:04.533798,28.42,60.18,956.95
2024-07-12 12:18:05.535641,28.42,61.98,956.8
2024-07-12 12:18:06.537444,28.43,62.72,956.12
2024-07-12 12:18:07.537287,28.39,58.74,957.16
2024-07-12 12:18:08.537341,28.42,60.77,957.2
2024-07-12 12:18:09.537685,28.39,61.67,955.73
2024-07-12 12:18:10.550584,28.33,56.21,957.23
2024-07-12 12:18:11.537648,28.45,62.58,957.1
2024-07-12 12:18:12.554036,28.46,66.29,955.9
2024-07-12 12:18:13.553964,28.37,59.83,957.3
2024-07-12 12:18:14.560070,28.44,60.07,957.1
2024-07-12 12:18:15.554179,28.45,60.93,957.08
2024-07-12 12:18:16.554206,28.46,57.68,957.05
2024-07-12 12:18:17.562378,28.5,59.19,956.42
2024-07-12 12:18:18.570754,28.47,57.42,956.84
2024-07-12 12:18:19.568855,28.51,59.35,956.92
2024-07-12 12:18:20.571035,28.52,61.42,957.09
2024-07-12 12:18:21.570893,28.55,64.14,957.12
2024-07-12 12:18:22.571216,28.59,67.02,957.1
2024-07-12 12:18:23.579900,28.6,67.94,956.95
2024-07-12 12:18:24.570923,28.62,68.27,956.05
2024-07-12 12:18:25.583572,28.57,63.39,957.07
2024-07-12 12:18:26.587611,28.59,61.0,957.05
2024-07-12 12:18:27.587643,28.59,61.38,956.88
2024-07-12 12:18:28.587447,28.6,63.04,957.09
2024-07-12 12:18:29.587641,28.61,64.51,956.89
2024-07-12 12:18:30.587639,28.64,65.97,956.93
2024-07-12 12:18:31.587728,28.64,66.84,957.1
2024-07-12 12:18:32.604277,28.66,67.4,956.84
2024-07-12 12:18:33.604394,28.74,68.95,956.19
2024-07-12 12:18:34.604237,28.66,64.73,955.72
2024-07-12 12:18:35.604310,28.62,61.55,957.56
2024-07-12 12:18:36.604337,28.7,65.33,957.16
2024-07-12 12:18:37.604156,28.67,68.5,957.13
2024-07-12 12:18:38.615978,28.6,67.26,955.65
2024-07-12 12:18:39.613187,28.52,62.63,956.81
2024-07-12 12:18:40.620973,28.5,61.42,957.1
2024-07-12 12:18:41.620768,28.48,62.58,956.99
2024-07-12 12:18:42.622187,28.44,60.58,955.48
2024-07-12 12:18:43.620821,28.38,54.86,955.52
2024-07-12 12:18:44.620997,28.41,57.09,957.52
2024-07-12 12:18:45.629992,28.63,66.7,957.34
2024-07-12 12:18:46.637655,28.67,70.43,957.01
2024-07-12 12:18:47.637650,28.54,70.17,955.62
2024-07-12 12:18:48.643717,28.38,62.84,955.85
2024-07-12 12:18:49.638002,28.36,58.28,957.26
2024-07-12 12:18:50.637647,28.45,64.11,957.15
2024-07-12 12:18:51.638840,28.47,67.95,956.19
2024-07-12 12:18:52.651527,28.37,64.24,956.29
2024-07-12 12:18:53.642364,28.34,60.02,957.18
2024-07-12 12:18:54.654099,28.4,64.86,957.09
2024-07-12 12:18:55.656162,28.41,67.83,956.35
2024-07-12 12:18:56.658394,28.32,63.76,956.08
2024-07-12 12:18:57.656064,28.3,59.12,957.21
2024-07-12 12:18:58.655039,28.36,63.94,957.07
2024-07-12 12:18:59.654630,28.34,66.1,956.22
2024-07-12 12:19:00.671070,28.29,61.98,956.01
2024-07-12 12:19:01.673335,28.28,56.51,957.15
2024-07-12 12:19:02.670969,28.34,60.56,957.18
2024-07-12 12:19:03.671076,28.37,65.76,954.82
2024-07-12 12:19:04.671107,28.28,62.84,956.88
2024-07-12 12:19:05.671011,28.3,62.27,956.79
2024-07-12 12:19:06.688651,28.34,64.72,957.06
2024-07-12 12:19:07.688034,28.36,66.24,955.6
2024-07-12 12:19:08.687858,28.35,65.08,956.78
2024-07-12 12:19:09.689038,28.36,65.14,956.77
2024-07-12 12:19:10.695361,28.39,65.81,957.0
2024-07-12 12:19:11.696202,28.41,66.03,956.83
2024-07-12 12:19:12.699193,28.43,67.17,956.96
2024-07-12 12:19:13.700344,28.41,66.85,955.77
2024-07-12 12:19:14.707678,28.36,61.59,957.18
2024-07-12 12:19:15.705056,28.39,62.91,956.93
2024-07-12 12:19:16.704621,28.38,64.2,955.83
2024-07-12 12:19:17.704765,28.33,59.32,956.84
2024-07-12 12:19:18.713459,28.32,56.99,957.25
2024-07-12 12:19:19.716613,28.38,63.03,957.09
2024-07-12 12:19:20.721088,28.38,66.1,956.28
2024-07-12 12:19:21.722288,28.31,61.78,957.12
2024-07-12 12:19:22.725385,28.34,60.82,957.16
2024-07-12 12:19:23.721191,28.39,63.68,955.36
2024-07-12 12:19:24.721373,28.31,57.49,957.24
2024-07-12 12:19:25.729869,28.4,62.87,956.95
2024-07-12 12:19:26.736607,28.37,64.49,955.74
2024-07-12 12:19:27.729526,28.32,59.14,957.18
2024-07-12 12:19:28.737935,28.35,62.35,956.74
2024-07-12 12:19:29.738014,28.34,63.76,956.79
2024-07-12 12:19:30.739354,28.33,64.62,956.68
2024-07-12 12:19:31.737846,28.31,63.47,955.71
2024-07-12 12:19:32.747160,28.28,57.83,957.32
2024-07-12 12:19:33.748057,28.37,63.7,956.98
2024-07-12 12:19:34.754622,28.34,64.26,956.24
2024-07-12 12:19:35.755575,28.31,60.38,956.79
2024-07-12 12:19:36.754542,28.32,60.58,957.05
2024-07-12 12:19:37.754539,28.31,61.28,956.72
2024-07-12 12:19:38.763696,28.28,58.52,956.62
2024-07-12 12:19:39.755533,28.3,58.7,956.99
2024-07-12 12:19:40.771102,28.3,62.0,957.24
2024-07-12 12:19:41.771243,28.3,63.06,956.94
2024-07-12 12:19:42.772412,28.29,63.63,956.38
2024-07-12 12:19:43.771218,28.26,59.19,957.18
2024-07-12 12:19:44.771370,28.3,60.64,957.0
2024-07-12 12:19:45.771416,28.29,63.28,956.74
2024-07-12 12:19:46.785929,28.27,62.67,956.03
2024-07-12 12:19:47.782147,28.25,59.92,957.09
2024-07-12 12:19:48.787951,28.26,58.71,956.95
2024-07-12 12:19:49.788092,28.27,60.48,956.96
2024-07-12 12:19:50.792016,28.26,60.65,956.89
2024-07-12 12:19:51.790677,28.25,57.95,957.01
2024-07-12 12:19:52.793122,28.25,58.47,955.8
2024-07-12 12:19:53.797091,28.21,53.82,957.11
2024-07-12 12:19:54.804655,28.25,56.62,957.07
2024-07-12 12:19:55.804740,28.26,60.92,956.55
2024-07-12 12:19:56.804802,28.23,58.55,957.11
2024-07-12 12:19:57.804813,28.23,57.15,955.58
2024-07-12 12:19:58.813334,28.2,53.38,956.76
2024-07-12 12:19:59.813342,28.22,52.39,956.93
2024-07-12 12:20:00.817411,28.24,53.8,957.05
2024-07-12 12:20:01.821066,28.28,57.26,957.17
2024-07-12 12:20:02.821400,28.3,60.71,957.05
2024-07-12 12:20:03.821452,28.32,63.65,956.84
2024-07-12 12:20:04.821609,28.31,64.56,956.61
2024-07-12 12:20:05.825501,28.27,60.9,957.2
2024-07-12 12:20:06.830572,28.31,61.42,956.93
2024-07-12 12:20:07.831071,28.28,59.92,957.06
2024-07-12 12:20:08.838084,28.28,59.36,956.97
2024-07-12 12:20:09.838339,28.28,62.02,957.29
2024-07-12 12:20:10.838254,28.39,66.27,956.04
2024-07-12 12:20:11.838172,28.29,64.56,956.83
2024-07-12 12:20:12.847614,28.28,63.34,956.7
2024-07-12 12:20:13.847248,28.27,61.49,957.26
2024-07-12 12:20:14.854924,28.29,63.12,957.13
2024-07-12 12:20:15.854729,28.29,64.74,957.09
2024-07-12 12:20:16.855720,28.31,66.44,957.17
2024-07-12 12:20:17.855208,28.31,67.05,957.38
2024-07-12 12:20:18.864542,28.33,67.43,956.95
2024-07-12 12:20:19.854788,28.34,66.8,955.93
2024-07-12 12:20:20.863386,28.3,61.88,957.07
2024-07-12 12:20:21.864623,28.32,62.54,957.05
2024-07-12 12:20:22.871374,28.31,62.76,956.85
2024-07-12 12:20:23.871552,28.29,61.73,956.27
2024-07-12 12:20:24.871726,28.27,58.81,956.24
2024-07-12 12:20:25.871721,28.29,57.68,957.18
2024-07-12 12:20:26.883670,28.35,63.69,956.92
2024-07-12 12:20:27.882360,28.31,64.08,956.15
2024-07-12 12:20:28.888375,28.29,61.04,957.14
2024-07-12 12:20:29.889022,28.33,64.5,957.11
2024-07-12 12:20:30.888392,28.32,65.53,956.95
2024-07-12 12:20:31.888462,28.32,66.53,956.47
2024-07-12 12:20:32.897355,28.3,66.17,956.9
2024-07-12 12:20:33.898290,28.29,65.02,956.09
2024-07-12 12:20:34.897290,28.26,61.17,957.19
2024-07-12 12:20:35.898491,28.43,67.89,955.72
2024-07-12 12:20:36.904924,28.29,61.7,954.62
2024-07-12 12:20:37.904938,28.25,54.38,957.17
2024-07-12 12:20:38.904924,28.54,63.59,956.95
2024-07-12 12:20:39.904943,28.57,68.77,957.25
2024-07-12 12:20:40.915509,28.54,70.57,957.26
2024-07-12 12:20:41.913938,28.64,72.17,957.02
2024-07-12 12:20:42.921550,28.62,72.77,956.78
2024-07-12 12:20:43.921769,28.6,72.96,956.85
2024-07-12 12:20:44.921708,28.59,73.08,956.72
2024-07-12 12:20:45.921583,28.59,73.16,956.98
2024-07-12 12:20:46.931448,28.59,73.22,957.1
2024-07-12 12:20:47.932166,28.58,73.27,956.96
2024-07-12 12:20:48.938217,28.57,73.33,956.79
2024-07-12 12:20:49.939010,28.57,73.4,956.88
2024-07-12 12:20:50.939488,28.56,73.5,957.01
2024-07-12 12:20:51.939033,28.54,73.58,957.0
2024-07-12 12:20:52.946383,28.53,73.17,956.07
2024-07-12 12:20:53.939882,28.44,69.48,957.22
2024-07-12 12:20:54.953291,28.5,71.51,957.01
2024-07-12 12:20:55.949801,28.49,72.77,956.1
2024-07-12 12:20:56.955002,28.38,68.84,957.16
2024-07-12 12:20:57.954995,28.47,70.47,957.02
2024-07-12 12:20:58.962989,28.41,69.6,955.97
2024-07-12 12:20:59.954991,28.37,67.1,957.09
2024-07-12 12:21:00.965278,28.39,66.69,956.91
2024-07-12 12:21:01.967834,28.39,67.02,955.66
2024-07-12 12:21:02.971698,28.33,62.97,957.22
2024-07-12 12:21:03.971846,28.39,67.62,956.96
2024-07-12 12:21:04.971652,28.37,69.27,956.43
2024-07-12 12:21:05.971545,28.29,65.04,957.16
2024-07-12 12:21:06.971745,28.32,66.1,956.91
2024-07-12 12:21:07.973629,28.32,68.08,956.99
2024-07-12 12:21:08.980209,28.27,66.4,956.2
2024-07-12 12:21:09.981362,28.24,63.64,957.05
2024-07-12 12:21:10.988445,28.28,66.89,956.78
2024-07-12 12:21:11.988362,28.26,67.82,956.48
2024-07-12 12:21:12.988304,28.21,64.92,957.1
2024-07-12 12:21:13.988437,28.21,64.16,956.91
2024-07-12 12:21:14.988634,28.21,65.09,955.98
2024-07-12 12:21:15.988480,28.17,60.86,957.15
2024-07-12 12:21:17.005051,28.2,63.76,956.85
2024-07-12 12:21:18.004911,28.19,65.63,956.3
2024-07-12 12:21:19.004994,28.15,62.31,957.11
2024-07-12 12:21:20.005111,28.16,62.42,956.91
2024-07-12 12:21:21.013686,28.16,64.39,956.41
2024-07-12 12:21:22.005183,28.14,61.63,957.09
2024-07-12 12:21:23.021693,28.14,61.44,956.94
2024-07-12 12:21:24.021766,28.15,62.95,956.1
2024-07-12 12:21:25.021982,28.1,59.47,957.02
2024-07-12 12:21:26.022260,28.15,63.01,956.3
2024-07-12 12:21:27.031407,28.1,59.71,957.07
2024-07-12 12:21:28.022643,28.11,59.35,957.01
2024-07-12 12:21:29.032551,28.11,61.06,956.01
2024-07-12 12:21:30.030138,28.09,58.47,957.05
2024-07-12 12:21:31.039939,28.15,63.29,955.85
2024-07-12 12:21:32.039772,28.06,57.94,957.11
2024-07-12 12:21:33.038451,28.1,59.67,956.93
2024-07-12 12:21:34.038708,28.11,61.32,955.95
2024-07-12 12:21:35.047571,28.07,56.63,957.09
2024-07-12 12:21:36.038542,28.1,60.35,956.83
2024-07-12 12:21:37.055350,28.11,61.95,956.05
2024-07-12 12:21:38.049808,28.07,57.58,957.07
2024-07-12 12:21:39.055519,28.07,58.16,956.92
2024-07-12 12:21:40.056172,28.09,60.79,956.07
2024-07-12 12:21:41.064980,28.06,56.97,957.07
2024-07-12 12:21:42.064683,28.1,60.23,956.43
2024-07-12 12:21:43.064077,28.08,58.47,957.46
2024-07-12 12:21:44.064768,28.08,57.51,957.03
2024-07-12 12:21:45.071953,28.09,59.87,955.97
2024-07-12 12:21:46.073507,28.07,55.57,957.08
2024-07-12 12:21:47.080105,28.09,59.07,956.44
2024-07-12 12:21:48.077182,28.05,57.08,957.45
2024-07-12 12:21:49.073348,28.07,56.68,957.01
2024-07-12 12:21:50.079638,28.1,60.75,955.97
2024-07-12 12:21:51.088697,28.05,55.97,957.22
2024-07-12 12:21:52.089911,28.12,60.3,956.91
2024-07-12 12:21:53.088630,28.11,61.09,956.05
2024-07-12 12:21:54.088697,28.11,57.4,956.99
2024-07-12 12:21:55.088907,28.16,61.03,955.94
2024-07-12 12:21:56.088771,28.13,56.36,957.1
2024-07-12 12:21:57.107219,28.18,60.14,956.7
2024-07-12 12:21:58.106115,28.15,58.18,955.62
2024-07-12 12:21:59.105367,28.13,55.42,957.37
2024-07-12 12:22:00.105523,28.33,64.69,956.92
2024-07-12 12:22:01.105393,28.3,67.16,956.0
2024-07-12 12:22:02.105258,28.24,62.55,957.05
2024-07-12 12:22:03.120056,28.31,64.37,956.71
2024-07-12 12:22:04.116445,28.31,61.42,957.09
2024-07-12 12:22:05.122845,28.39,61.81,956.92
2024-07-12 12:22:06.121915,28.37,59.8,957.54
2024-07-12 12:22:07.122082,28.41,59.39,957.01
2024-07-12 12:22:08.121870,28.44,62.75,957.21
2024-07-12 12:22:09.122036,28.45,64.33,957.33
2024-07-12 12:22:10.122161,28.48,65.6,956.93
2024-07-12 12:22:11.139005,28.5,66.4,957.24
2024-07-12 12:22:12.138977,28.59,68.69,956.82
2024-07-12 12:22:13.139102,28.61,69.77,955.75
2024-07-12 12:22:14.138885,28.57,68.37,955.58
2024-07-12 12:22:15.139019,28.55,65.57,956.93
2024-07-12 12:22:16.138811,28.64,69.28,956.8
2024-07-12 12:22:17.152236,28.62,70.02,955.85
2024-07-12 12:22:18.139393,28.54,66.26,957.02
2024-07-12 12:22:19.156112,28.53,65.42,956.77
2024-07-12 12:22:20.155438,28.53,65.52,957.05
2024-07-12 12:22:21.155435,28.55,67.29,956.75
2024-07-12 12:22:22.164012,28.53,66.86,955.72
2024-07-12 12:22:23.155684,28.48,61.6,957.26
2024-07-12 12:22:24.164185,28.63,68.07,956.81
2024-07-12 12:22:25.173201,28.55,68.27,957.28
2024-07-12 12:22:26.174298,28.55,68.08,957.05
2024-07-12 12:22:27.177375,28.58,69.15,956.54
2024-07-12 12:22:28.177894,28.57,68.4,956.71
2024-07-12 12:22:29.179990,28.61,68.99,956.87
2024-07-12 12:22:30.181959,28.66,70.0,956.77
2024-07-12 12:22:31.184239,28.73,71.1,956.79
2024-07-12 12:22:32.189977,28.78,71.97,956.54
2024-07-12 12:22:33.188823,28.7,69.02,956.43
2024-07-12 12:22:34.188895,28.66,66.22,956.69
2024-07-12 12:22:35.189517,28.66,67.24,957.2
2024-07-12 12:22:36.197646,28.83,71.63,956.92
2024-07-12 12:22:37.198160,28.77,72.09,954.9
2024-07-12 12:22:38.195303,28.64,67.55,956.99
2024-07-12 12:22:39.206286,28.66,67.05,957.02
2024-07-12 12:22:40.205805,28.65,67.19,957.06
2024-07-12 12:22:41.205698,28.67,68.31,956.87
2024-07-12 12:22:42.205755,28.72,69.76,957.0
2024-07-12 12:22:43.215483,28.81,71.65,956.2
2024-07-12 12:22:44.205540,28.7,69.62,957.34
2024-07-12 12:22:45.222257,28.75,70.37,955.72
2024-07-12 12:22:46.222370,28.64,63.73,956.92
2024-07-12 12:22:47.222291,28.72,66.82,956.77
2024-07-12 12:22:48.222551,28.75,70.49,956.89
2024-07-12 12:22:49.222427,28.74,71.89,956.73
2024-07-12 12:22:50.231654,28.75,72.27,956.82
2024-07-12 12:22:51.230745,28.76,72.61,956.79
2024-07-12 12:22:52.232858,28.76,72.78,956.77
2024-07-12 12:22:53.238944,28.77,72.89,957.02
2024-07-12 12:22:54.239054,28.81,73.57,957.05
2024-07-12 12:22:55.247192,28.83,74.06,956.82
2024-07-12 12:22:56.239126,28.82,74.28,957.05
2024-07-12 12:22:57.248488,28.84,74.05,954.62
2024-07-12 12:22:58.247718,28.7,68.81,957.0
2024-07-12 12:22:59.255510,28.87,71.02,957.2
2024-07-12 12:23:00.255666,29.08,74.44,957.33
2024-07-12 12:23:01.255554,29.01,75.13,956.82
2024-07-12 12:23:02.255832,29.04,75.49,957.15
2024-07-12 12:23:03.264718,29.07,75.72,956.76
2024-07-12 12:23:04.263774,29.11,75.94,956.85
2024-07-12 12:23:05.272562,29.09,75.5,954.08
2024-07-12 12:23:06.272383,28.83,70.2,955.48
2024-07-12 12:23:07.272321,28.77,67.26,956.77
2024-07-12 12:23:08.272615,29.1,72.46,957.09
2024-07-12 12:23:09.281959,29.18,75.45,956.8
2024-07-12 12:23:10.272336,28.9,75.13,956.95
2024-07-12 12:23:11.280820,28.89,75.14,956.8
2024-07-12 12:23:12.281985,28.93,75.44,956.87
2024-07-12 12:23:13.289889,28.94,75.74,956.86
2024-07-12 12:23:14.289208,28.98,76.23,956.81
2024-07-12 12:23:15.289010,28.98,76.36,956.86
2024-07-12 12:23:16.289087,29.01,76.59,956.44
2024-07-12 12:23:17.297561,28.9,74.01,956.84
2024-07-12 12:23:18.297466,28.89,74.06,956.76
2024-07-12 12:23:19.305940,28.91,74.63,956.8
2024-07-12 12:23:20.305759,28.89,74.88,957.3
2024-07-12 12:23:21.306108,28.89,74.97,956.76
2024-07-12 12:23:22.305636,28.87,74.03,957.01
2024-07-12 12:23:23.305699,28.96,75.56,956.8
2024-07-12 12:23:24.306105,28.95,75.64,956.52
2024-07-12 12:23:25.320467,28.83,71.76,956.44
2024-07-12 12:23:26.320694,28.81,70.27,956.79
2024-07-12 12:23:27.322397,28.81,69.96,957.48
2024-07-12 12:23:28.323778,28.94,73.66,956.79
2024-07-12 12:23:29.322477,28.89,74.29,955.67
2024-07-12 12:23:30.322489,28.81,71.8,956.94
2024-07-12 12:23:31.322470,28.88,73.5,957.04
2024-07-12 12:23:32.333983,28.94,75.31,956.66
2024-07-12 12:23:33.339060,28.88,74.66,957.14
2024-07-12 12:23:34.339190,28.85,73.33,956.73
2024-07-12 12:23:35.340188,28.87,73.47,956.8
2024-07-12 12:23:36.339125,28.8,72.13,956.78
2024-07-12 12:23:37.349386,28.75,71.27,956.81
2024-07-12 12:23:38.349304,28.67,68.58,956.8
2024-07-12 12:23:39.356151,28.63,66.96,956.79
2024-07-12 12:23:40.356223,28.58,65.83,956.81
2024-07-12 12:23:41.359338,28.51,64.08,956.82
2024-07-12 12:23:42.355879,28.45,62.99,956.8
2024-07-12 12:23:43.356055,28.39,61.84,956.82
2024-07-12 12:23:44.364375,28.33,60.52,956.82
2024-07-12 12:23:45.367073,28.28,59.61,956.82
2024-07-12 12:23:46.364528,28.23,58.99,956.8
2024-07-12 12:23:47.372593,28.17,58.17,956.84
2024-07-12 12:23:48.372540,28.11,55.25,956.81
2024-07-12 12:23:49.373363,28.06,53.4,956.81
2024-07-12 12:23:50.372570,28.02,52.9,956.82
2024-07-12 12:23:51.372690,27.99,52.75,956.81
2024-07-12 12:23:52.381084,27.95,52.31,956.79
2024-07-12 12:23:53.389075,27.92,51.96,956.8
2024-07-12 12:23:54.389656,27.88,51.17,956.78
2024-07-12 12:23:55.389523,27.85,50.72,956.76
2024-07-12 12:23:56.389566,27.79,49.03,956.76
2024-07-12 12:23:57.389390,27.78,48.7,956.77
2024-07-12 12:23:58.390649,27.77,49.1,956.76
2024-07-12 12:23:59.398379,27.76,49.45,956.77
2024-07-12 12:24:00.398339,27.79,55.06,956.78
2024-07-12 12:24:01.406141,27.98,62.98,956.74
2024-07-12 12:24:02.408379,27.98,66.92,956.78
2024-07-12 12:24:03.406045,27.97,67.84,956.51
2024-07-12 12:24:04.414235,27.86,65.01,956.86
2024-07-12 12:24:05.405987,27.91,65.03,956.75
2024-07-12 12:24:06.405902,27.9,64.83,956.82
2024-07-12 12:24:07.423672,27.99,67.33,956.77
2024-07-12 12:24:08.424811,27.86,63.5,956.81
2024-07-12 12:24:09.429801,27.98,67.12,956.76
2024-07-12 12:24:10.427299,28.04,69.96,956.78
2024-07-12 12:24:11.431877,27.86,64.4,956.78
2024-07-12 12:24:12.433831,27.94,67.48,956.78
2024-07-12 12:24:13.439450,27.94,68.77,956.77
2024-07-12 12:24:14.439268,27.94,68.24,956.56
2024-07-12 12:24:15.439478,27.81,63.29,956.95
2024-07-12 12:24:16.439327,27.95,66.9,956.64
2024-07-12 12:24:17.439588,27.88,65.75,956.77
2024-07-12 12:24:18.441379,28.03,70.39,956.8
2024-07-12 12:24:19.453198,28.07,72.48,956.81
2024-07-12 12:24:20.448431,28.05,72.57,956.82
2024-07-12 12:24:21.456159,27.99,71.81,956.78
2024-07-12 12:24:22.456059,28.08,72.66,956.75
2024-07-12 12:24:23.456055,28.11,73.36,956.83
2024-07-12 12:24:24.456237,28.18,74.02,956.21
2024-07-12 12:24:25.455967,28.05,71.19,956.85
2024-07-12 12:24:26.465685,28.26,73.74,956.79
2024-07-12 12:24:27.473115,28.25,74.63,956.8
2024-07-12 12:24:28.473725,28.26,74.87,956.82
2024-07-12 12:24:29.472817,28.31,75.11,956.77
2024-07-12 12:24:30.472644,28.2,73.67,956.81
2024-07-12 12:24:31.483207,28.46,75.84,956.79
2024-07-12 12:24:32.483087,28.49,76.49,956.79
2024-07-12 12:24:33.478322,28.47,76.65,956.8
2024-07-12 12:24:34.488613,28.31,74.94,956.76
2024-07-12 12:24:35.491310,28.31,74.92,956.79
2024-07-12 12:24:36.489517,28.44,76.16,956.67
2024-07-12 12:24:37.497795,28.24,74.33,956.83
2024-07-12 12:24:38.498242,28.36,75.34,956.78
2024-07-12 12:24:39.503008,28.34,75.79,956.79
2024-07-12 12:24:40.503247,28.3,75.51,956.78
2024-07-12 12:24:41.507980,28.4,76.27,956.78
2024-07-12 12:24:42.506221,28.32,75.78,956.79
2024-07-12 12:24:43.506443,28.38,76.07,956.83
2024-07-12 12:24:44.506491,28.26,75.16,956.77
2024-07-12 12:24:45.508969,28.32,76.22,956.79
2024-07-12 12:24:46.516824,28.33,76.59,956.79
2024-07-12 12:24:47.522935,28.39,77.11,956.77
2024-07-12 12:24:48.522873,28.28,76.06,956.81
2024-07-12 12:24:49.522991,28.28,75.9,956.81
2024-07-12 12:24:50.522809,28.21,74.63,956.8
2024-07-12 12:24:51.523057,28.21,74.23,956.81
2024-07-12 12:24:52.523343,28.19,74.2,956.79
2024-07-12 12:24:53.523174,28.08,72.06,956.78
2024-07-12 12:24:54.523049,28.19,74.56,956.84
2024-07-12 12:24:55.539719,28.12,74.38,956.67
2024-07-12 12:24:56.539729,28.13,73.81,956.85
2024-07-12 12:24:57.539738,28.37,76.54,956.76
2024-07-12 12:24:58.539609,28.17,76.03,956.8
2024-07-12 12:24:59.539877,28.51,77.83,956.79
2024-07-12 12:25:00.548085,28.34,77.57,956.81
2024-07-12 12:25:01.556462,28.32,77.65,956.81
2024-07-12 12:25:02.556775,28.35,77.95,956.81
2024-07-12 12:25:03.557161,28.34,77.97,956.79
2024-07-12 12:25:04.556437,28.37,78.07,956.83
2024-07-12 12:25:05.556620,28.38,78.23,956.81
2024-07-12 12:25:06.565990,28.5,78.89,956.84
2024-07-12 12:25:07.566793,28.45,79.07,956.78
2024-07-12 12:25:08.571448,28.38,78.46,956.81
2024-07-12 12:25:09.573924,28.33,77.93,956.81
2024-07-12 12:25:10.573931,28.41,78.43,956.78
2024-07-12 12:25:11.573637,28.51,79.18,956.79
2024-07-12 12:25:12.574091,28.54,79.39,956.82
2024-07-12 12:25:13.582209,28.53,79.26,956.79
2024-07-12 12:25:14.582749,28.27,76.32,956.85
2024-07-12 12:25:15.590442,28.24,76.08,956.95
2024-07-12 12:25:16.590597,28.69,79.3,956.81
2024-07-12 12:25:17.589717,28.55,79.24,956.78
2024-07-12 12:25:18.589662,28.19,77.43,956.87
2024-07-12 12:25:19.598010,28.49,79.37,956.8
2024-07-12 12:25:20.590629,28.44,79.6,956.83
2024-07-12 12:25:21.606038,28.36,78.94,956.8
2024-07-12 12:25:22.606141,28.22,77.62,956.82
2024-07-12 12:25:23.606496,28.41,79.11,956.77
2024-07-12 12:25:24.606847,28.15,76.89,956.85
2024-07-12 12:25:25.606659,28.31,78.66,956.79
2024-07-12 12:25:26.615162,28.11,76.75,956.8
2024-07-12 12:25:27.620890,28.08,75.52,956.55
2024-07-12 12:25:28.606324,28.01,73.82,956.87
2024-07-12 12:25:29.624662,28.16,76.87,956.82
2024-07-12 12:25:30.626117,28.14,77.93,956.84
2024-07-12 12:25:31.627630,28.26,78.78,956.82
2024-07-12 12:25:32.629357,28.28,79.0,956.83
2024-07-12 12:25:33.630662,28.33,78.98,956.78
2024-07-12 12:25:34.632727,28.02,75.43,956.8
2024-07-12 12:25:35.639818,28.04,75.01,956.83
2024-07-12 12:25:36.640020,28.09,76.04,956.79
2024-07-12 12:25:37.639923,28.17,77.68,956.81
2024-07-12 12:25:38.640304,28.22,78.42,956.8
2024-07-12 12:25:39.640545,28.26,78.77,956.79
2024-07-12 12:25:40.642648,28.32,79.14,956.82
2024-07-12 12:25:41.649476,28.23,78.73,956.8
2024-07-12 12:25:42.648833,28.26,78.92,956.79
2024-07-12 12:25:43.656648,28.32,79.13,956.8
2024-07-12 12:25:44.656470,28.38,79.37,956.81
2024-07-12 12:25:45.657616,28.23,77.52,956.76
2024-07-12 12:25:46.656483,28.14,76.21,956.83
2024-07-12 12:25:47.659325,28.32,78.56,956.77
2024-07-12 12:25:48.669796,28.09,76.9,956.81
2024-07-12 12:25:49.673256,28.18,78.01,956.77
2024-07-12 12:25:50.673157,28.23,78.83,956.76
2024-07-12 12:25:51.675843,28.26,79.12,956.82
2024-07-12 12:25:52.676604,28.29,79.12,956.71
2024-07-12 12:25:53.674732,28.02,75.48,956.81
2024-07-12 12:25:54.679937,28.22,77.85,956.78
2024-07-12 12:25:55.689529,28.07,76.97,956.81
2024-07-12 12:25:56.689871,28.06,76.83,956.79
2024-07-12 12:25:57.693552,28.21,77.88,956.78
2024-07-12 12:25:58.689967,28.03,76.16,956.8
2024-07-12 12:25:59.697503,28.13,77.45,956.78
2024-07-12 12:26:00.699111,27.98,75.01,956.82
2024-07-12 12:26:01.703463,28.13,76.94,956.8
2024-07-12 12:26:02.704220,27.99,75.42,956.77
2024-07-12 12:26:03.706689,27.99,74.89,956.77
2024-07-12 12:26:04.706643,28.01,75.33,956.79
2024-07-12 12:26:05.714392,28.09,76.73,956.78
2024-07-12 12:26:06.709790,28.14,77.47,956.76
2024-07-12 12:26:07.711845,27.96,73.73,956.65
2024-07-12 12:26:08.712723,27.82,70.22,956.92
2024-07-12 12:26:09.724273,27.92,74.26,956.77
2024-07-12 12:26:10.723300,27.92,75.63,956.78
2024-07-12 12:26:11.724329,28.02,76.79,956.86
2024-07-12 12:26:12.723397,28.35,78.61,956.78
2024-07-12 12:26:13.723514,28.38,79.02,956.8
2024-07-12 12:26:14.723455,28.36,78.94,956.76
2024-07-12 12:26:15.733145,28.18,78.46,956.78
2024-07-12 12:26:16.737694,28.28,79.07,956.78
2024-07-12 12:26:17.741019,28.06,77.15,956.78
2024-07-12 12:26:18.740045,28.2,78.3,956.78
2024-07-12 12:26:19.740173,28.29,79.22,956.79
2024-07-12 12:26:20.741946,28.32,79.51,956.81
2024-07-12 12:26:21.750731,28.31,79.49,956.82
2024-07-12 12:26:22.740161,28.16,78.68,956.81
2024-07-12 12:26:23.756881,28.24,79.38,956.8
2024-07-12 12:26:24.756953,28.27,79.66,956.8
2024-07-12 12:26:25.756725,28.13,78.59,956.81
2024-07-12 12:26:26.756731,28.13,78.72,956.78
2024-07-12 12:26:27.766557,28.22,79.41,956.81
2024-07-12 12:26:28.768005,28.12,78.75,956.81
2024-07-12 12:26:29.773323,28.18,79.29,956.78
2024-07-12 12:26:30.773209,28.23,79.67,956.82
2024-07-12 12:26:31.773576,28.11,78.77,956.79
2024-07-12 12:26:32.773893,28.3,80.13,956.8
2024-07-12 12:26:33.782675,28.05,78.5,956.84
2024-07-12 12:26:34.782749,28.24,79.7,956.8
2024-07-12 12:26:35.786162,28.15,79.51,956.81
2024-07-12 12:26:36.782495,28.1,79.27,956.8
2024-07-12 12:26:37.790269,28.1,79.25,956.82
2024-07-12 12:26:38.790252,28.04,78.26,956.81
2024-07-12 12:26:39.790107,28.2,79.69,956.79
2024-07-12 12:26:40.791452,27.98,77.69,956.81
2024-07-12 12:26:41.798357,28.07,78.78,956.81
2024-07-12 12:26:42.799455,28.13,79.77,956.81
2024-07-12 12:26:43.806944,28.03,78.76,956.84
2024-07-12 12:26:44.806807,28.07,79.25,956.8
2024-07-12 12:26:45.807029,28.16,80.0,956.8
2024-07-12 12:26:46.806848,27.94,77.96,956.81
2024-07-12 12:26:47.817068,28.18,79.86,956.8
2024-07-12 12:26:48.815630,27.98,78.47,956.81
2024-07-12 12:26:49.807168,28.04,78.81,956.8
2024-07-12 12:26:50.815045,28.11,79.49,956.8
2024-07-12 12:26:51.823416,27.93,77.5,956.82
2024-07-12 12:26:52.823654,28.04,78.68,956.74
2024-07-12 12:26:53.824653,27.9,76.93,956.82
2024-07-12 12:26:54.832205,28.16,79.39,956.77
2024-07-12 12:26:55.823796,27.93,78.14,956.78
2024-07-12 12:26:56.832110,28.04,78.57,956.79
2024-07-12 12:26:57.841570,28.23,79.99,956.77
2024-07-12 12:26:58.840146,27.92,78.29,956.81
2024-07-12 12:26:59.840430,28.15,79.77,956.79
2024-07-12 12:27:00.840733,28.01,78.7,956.8
2024-07-12 12:27:01.849245,28.0,78.33,956.78
2024-07-12 12:27:02.849981,28.11,78.89,956.88
2024-07-12 12:27:03.856916,28.17,79.32,956.82
2024-07-12 12:27:04.856952,27.99,78.39,956.78
2024-07-12 12:27:05.857225,28.09,79.18,956.81
2024-07-12 12:27:06.856986,28.06,78.49,956.57
2024-07-12 12:27:07.857070,27.9,75.34,956.79
2024-07-12 12:27:08.865619,28.0,77.18,956.86
2024-07-12 12:27:09.858122,28.28,79.79,956.8
2024-07-12 12:27:10.866624,28.25,80.2,956.79
2024-07-12 12:27:11.873754,28.01,78.95,956.81
2024-07-12 12:27:12.873796,28.07,79.27,956.79
2024-07-12 12:27:13.873765,28.16,79.83,956.81
2024-07-12 12:27:14.873799,28.05,78.61,956.8
2024-07-12 12:27:15.883761,28.07,78.48,956.79
2024-07-12 12:27:16.882736,28.13,79.28,956.79
2024-07-12 12:27:17.890516,28.07,78.48,956.82
2024-07-12 12:27:18.890501,28.07,78.21,956.8
2024-07-12 12:27:19.890419,28.22,79.69,956.78
2024-07-12 12:27:20.890338,28.02,77.71,956.81
2024-07-12 12:27:21.898906,28.11,78.72,956.8
2024-07-12 12:27:22.890493,28.12,78.89,956.77
2024-07-12 12:27:23.900224,27.98,76.22,956.83
2024-07-12 12:27:24.905417,28.11,78.45,956.79
2024-07-12 12:27:25.907191,28.01,77.47,956.79
2024-07-12 12:27:26.907172,28.04,77.51,956.81
2024-07-12 12:27:27.907118,28.11,78.64,956.79
2024-07-12 12:27:28.907396,27.95,76.57,956.79
2024-07-12 12:27:29.919871,28.15,78.88,956.81
2024-07-12 12:27:30.916445,27.95,77.17,956.81
2024-07-12 12:27:31.924027,28.06,77.97,956.77
2024-07-12 12:27:32.923915,28.11,78.91,956.8
2024-07-12 12:27:33.923848,27.9,76.51,956.82
2024-07-12 12:27:34.929811,27.93,76.8,956.79
2024-07-12 12:27:35.923870,27.89,76.01,956.78
2024-07-12 12:27:36.934300,28.11,78.23,956.8
2024-07-12 12:27:37.940273,28.01,78.0,956.83
2024-07-12 12:27:38.940543,28.09,77.4,956.83
2024-07-12 12:27:39.944994,28.13,79.12,956.79
2024-07-12 12:27:40.942759,27.97,77.83,956.8
2024-07-12 12:27:41.949277,28.1,78.81,956.8
2024-07-12 12:27:42.942982,28.06,78.48,956.74
2024-07-12 12:27:43.953836,28.0,77.55,956.82
2024-07-12 12:27:44.954345,28.27,79.54,956.74
2024-07-12 12:27:45.956100,27.91,76.66,956.86
2024-07-12 12:27:46.957400,28.22,79.07,956.78
2024-07-12 12:27:47.958191,28.25,79.76,956.77
2024-07-12 12:27:48.958378,27.99,77.91,956.81
2024-07-12 12:27:49.960859,28.17,79.34,956.8
2024-07-12 12:27:50.961199,28.06,78.32,956.82
2024-07-12 12:27:51.969744,28.24,79.64,956.78
2024-07-12 12:27:52.974000,28.16,79.31,956.8
2024-07-12 12:27:53.975999,28.01,77.84,956.78
2024-07-12 12:27:54.968717,28.2,79.43,956.74
2024-07-12 12:27:55.984274,27.96,77.0,956.81
2024-07-12 12:27:56.984856,28.16,78.78,956.81
2024-07-12 12:27:57.981812,28.12,79.06,956.75
2024-07-12 12:27:58.984331,27.97,77.06,956.8
2024-07-12 12:27:59.991071,28.13,78.86,956.78
2024-07-12 12:28:00.983589,27.96,76.89,956.79
2024-07-12 12:28:01.992723,28.11,78.32,956.8
2024-07-12 12:28:02.999112,28.09,78.62,956.8
2024-07-12 12:28:03.998159,27.98,77.4,956.78
2024-07-12 12:28:05.003379,28.16,79.14,956.8
2024-07-12 12:28:06.004153,27.92,76.47,956.81
2024-07-12 12:28:06.995458,28.13,78.37,956.83
2024-07-12 12:28:08.005531,27.97,77.55,956.71
2024-07-12 12:28:09.014324,27.97,77.14,956.74
2024-07-12 12:28:10.009898,28.04,78.49,956.82
2024-07-12 12:28:11.019142,28.15,79.51,956.8
2024-07-12 12:28:12.014157,27.97,78.29,956.77
2024-07-12 12:28:13.024856,28.0,78.09,956.76
2024-07-12 12:28:14.014758,28.1,79.32,956.79
2024-07-12 12:28:15.025666,27.91,76.96,956.8
2024-07-12 12:28:16.032912,28.04,78.1,956.79
2024-07-12 12:28:17.027336,28.09,78.87,956.8
2024-07-12 12:28:18.036429,27.93,77.83,956.78
2024-07-12 12:28:19.032261,27.97,77.82,956.8
2024-07-12 12:28:20.043427,28.05,79.03,956.76
2024-07-12 12:28:21.041959,27.87,76.5,956.81
2024-07-12 12:28:22.037372,28.0,78.08,956.77
2024-07-12 12:28:23.046228,28.03,78.73,956.73
2024-07-12 12:28:24.041607,27.76,74.08,956.62
2024-07-12 12:28:25.047894,27.66,70.57,957.1
2024-07-12 12:28:26.058780,28.2,77.09,956.97
2024-07-12 12:28:27.059175,28.35,79.32,956.79
2024-07-12 12:28:28.060013,28.21,79.42,956.8
2024-07-12 12:28:29.054928,27.93,79.26,956.76
2024-07-12 12:28:30.067932,28.07,79.9,956.79
2024-07-12 12:28:31.063921,28.03,79.65,956.79
2024-07-12 12:28:32.072814,27.92,78.89,956.78
2024-07-12 12:28:33.066977,28.03,79.39,956.75
2024-07-12 12:28:34.075250,27.8,76.43,956.88
2024-07-12 12:28:35.070291,28.04,79.03,956.78
2024-07-12 12:28:36.080488,28.0,79.59,956.77
2024-07-12 12:28:37.079401,27.82,77.51,956.82
2024-07-12 12:28:38.086999,27.85,77.6,956.8
2024-07-12 12:28:39.087191,27.94,78.61,956.78
2024-07-12 12:28:40.092048,27.95,79.12,956.78
2024-07-12 12:28:41.092173,27.8,76.84,956.79
2024-07-12 12:28:42.098532,27.87,77.37,956.82
2024-07-12 12:28:43.093395,27.95,78.87,956.78
2024-07-12 12:28:44.101528,27.89,78.34,956.75
2024-07-12 12:28:45.097398,27.78,76.46,956.82
2024-07-12 12:28:46.109109,27.95,78.65,956.76
2024-07-12 12:28:47.108054,27.84,77.76,956.79
2024-07-12 12:28:48.109488,27.83,77.11,956.82
2024-07-12 12:28:49.110311,27.89,78.11,956.78
2024-07-12 12:28:50.105881,27.8,76.64,956.81
2024-07-12 12:28:51.116976,27.87,77.42,956.77
2024-07-12 12:28:52.110724,27.87,77.47,956.74
2024-07-12 12:28:53.120244,27.8,76.08,956.74
2024-07-12 12:28:54.113526,27.9,77.43,956.76
2024-07-12 12:28:55.126626,27.82,76.89,956.81
2024-07-12 12:28:56.126311,27.78,76.01,956.75
2024-07-12 12:28:57.118711,27.79,76.53,956.82
2024-07-12 12:28:58.127091,27.79,76.68,956.8
2024-07-12 12:28:59.126254,27.74,75.36,956.81
2024-07-12 12:29:00.132531,27.9,77.39,956.77
2024-07-12 12:29:01.141931,27.78,76.6,956.81
2024-07-12 12:29:02.137708,27.85,77.35,956.73
2024-07-12 12:29:03.132902,27.94,78.27,956.72
2024-07-12 12:29:04.144786,27.82,77.05,956.78
2024-07-12 12:29:05.140056,27.93,78.27,956.76
2024-07-12 12:29:06.146744,27.95,78.6,956.78
2024-07-12 12:29:07.155911,28.06,79.26,956.76
2024-07-12 12:29:08.158473,27.9,77.68,956.95
2024-07-12 12:29:09.159348,28.1,79.0,956.79
2024-07-12 12:29:10.154908,27.87,76.79,956.75
2024-07-12 12:29:11.164775,27.91,76.71,956.77
2024-07-12 12:29:12.159817,27.83,74.4,956.76
2024-07-12 12:29:13.170652,27.84,74.56,956.74
2024-07-12 12:29:14.162763,27.96,77.12,956.77
2024-07-12 12:29:15.172869,27.8,74.94,956.79
2024-07-12 12:29:16.169067,27.89,76.17,956.77
2024-07-12 12:29:17.181808,28.0,77.9,956.74
2024-07-12 12:29:18.180049,27.79,74.74,956.81
2024-07-12 12:29:19.176261,27.94,76.4,956.74
2024-07-12 12:29:20.187509,28.0,78.0,956.75
2024-07-12 12:29:21.191134,27.84,76.29,956.77
2024-07-12 12:29:22.192736,27.92,76.93,956.74
2024-07-12 12:29:23.188766,27.97,77.66,956.7
2024-07-12 12:29:24.198567,27.8,74.52,956.86
2024-07-12 12:29:25.194825,28.07,77.92,956.74
2024-07-12 12:29:26.206310,28.05,78.25,956.66
2024-07-12 12:29:27.206979,27.8,74.47,956.78
2024-07-12 12:29:28.209152,27.97,76.46,956.78
2024-07-12 12:29:29.203365,28.12,78.5,956.78
2024-07-12 12:29:30.209367,28.12,78.87,956.73
2024-07-12 12:29:31.215415,27.94,77.79,956.79
2024-07-12 12:29:32.214918,28.03,78.23,956.73
2024-07-12 12:29:33.221160,28.07,78.92,956.75
2024-07-12 12:29:34.219616,27.93,77.25,956.76
2024-07-12 12:29:35.214880,28.04,77.92,956.73
2024-07-12 12:29:36.231348,28.06,78.57,956.75
2024-07-12 12:29:37.230324,27.99,77.58,956.71
2024-07-12 12:29:38.227914,27.96,76.41,956.74
2024-07-12 12:29:39.224838,28.06,78.11,956.76
2024-07-12 12:29:40.237196,27.99,77.43,956.73
2024-07-12 12:29:41.231178,27.91,75.36,956.77
2024-07-12 12:29:42.241658,28.0,77.38,956.71
2024-07-12 12:29:43.235397,27.8,73.64,956.62
2024-07-12 12:29:44.236144,27.69,69.8,956.65
2024-07-12 12:29:45.240480,27.59,68.56,957.24
2024-07-12 12:29:46.246229,28.14,76.0,956.86
2024-07-12 12:29:47.247806,28.3,78.33,956.74
2024-07-12 12:29:48.253585,28.34,79.08,956.75
2024-07-12 12:29:49.259429,28.29,79.18,956.74
2024-07-12 12:29:50.265845,28.33,79.63,956.74
2024-07-12 12:29:51.265811,28.15,79.07,956.77
2024-07-12 12:29:52.269530,28.0,78.74,956.74
2024-07-12 12:29:53.269998,28.05,78.99,956.76
2024-07-12 12:29:54.274758,28.2,79.77,956.74
2024-07-12 12:29:55.264115,28.31,80.41,956.73
2024-07-12 12:29:56.277966,28.35,80.55,956.75
2024-07-12 12:29:57.270734,28.32,80.5,956.72
2024-07-12 12:29:58.283449,28.37,80.52,956.76
2024-07-12 12:29:59.279481,28.43,80.57,956.73
2024-07-12 12:30:00.289758,28.55,80.72,956.7
2024-07-12 12:30:01.281616,28.6,80.7,956.72
2024-07-12 12:30:02.293330,28.67,80.7,956.71
2024-07-12 12:30:03.284816,28.8,80.89,956.74
2024-07-12 12:30:04.292123,28.88,81.11,956.75
2024-07-12 12:30:05.299016,28.48,78.92,956.81
2024-07-12 12:30:06.295689,28.41,78.7,956.74
2024-07-12 12:30:07.303835,28.38,79.38,956.78
2024-07-12 12:30:08.297119,28.52,80.75,956.73
2024-07-12 12:30:09.305565,28.51,81.03,956.69
2024-07-12 12:30:10.301573,28.21,79.19,956.84
2024-07-12 12:30:11.310383,28.4,80.67,956.75
2024-07-12 12:30:12.306607,28.42,81.19,956.74
2024-07-12 12:30:13.313783,28.29,80.34,956.61
2024-07-12 12:30:14.309605,28.15,79.1,956.83
2024-07-12 12:30:15.319433,28.42,81.05,956.74
2024-07-12 12:30:16.314463,28.41,81.36,956.73
2024-07-12 12:30:17.322527,28.28,80.78,956.76
2024-07-12 12:30:18.333145,28.31,80.96,956.73
2024-07-12 12:30:19.329131,28.34,81.2,956.73
2024-07-12 12:30:20.339311,28.23,80.12,956.79
2024-07-12 12:30:21.334686,28.34,80.93,956.78
2024-07-12 12:30:22.342526,28.25,80.26,956.63
2024-07-12 12:30:23.337624,28.13,78.71,956.77
2024-07-12 12:30:24.348422,28.18,79.43,956.79
2024-07-12 12:30:25.340207,28.35,80.97,956.73
2024-07-12 12:30:26.347887,28.11,78.97,956.72
2024-07-12 12:30:27.344969,28.21,79.5,956.78
2024-07-12 12:30:28.357305,28.38,80.99,956.77
2024-07-12 12:30:29.353542,28.3,80.91,956.73
2024-07-12 12:30:30.363389,28.14,79.68,956.72
2024-07-12 12:30:31.358116,28.31,80.87,956.74
2024-07-12 12:30:32.355355,28.24,80.39,956.7
2024-07-12 12:30:33.368014,28.13,78.68,956.79
2024-07-12 12:30:34.363709,28.32,80.45,956.74
2024-07-12 12:30:35.373334,28.31,80.71,956.7
2024-07-12 12:30:36.368697,28.21,79.88,956.79
2024-07-12 12:30:37.377073,28.36,80.96,956.73
2024-07-12 12:30:38.383522,28.17,78.89,956.58
2024-07-12 12:30:39.368702,28.09,76.97,956.69
2024-07-12 12:30:40.383654,28.29,79.5,956.74
2024-07-12 12:30:41.385083,28.4,80.93,956.75
2024-07-12 12:30:42.391419,28.43,81.18,956.64
2024-07-12 12:30:43.391625,28.15,79.84,956.8
2024-07-12 12:30:44.392992,28.38,81.15,956.73
2024-07-12 12:30:45.395127,28.39,81.4,956.74
2024-07-12 12:30:46.401924,28.17,79.4,956.65
2024-07-12 12:30:47.399604,28.1,77.49,956.75
2024-07-12 12:30:48.405935,28.3,79.98,956.72
2024-07-12 12:30:49.403434,28.37,80.99,956.75
2024-07-12 12:30:50.405215,28.4,81.33,956.75
2024-07-12 12:30:51.406614,28.38,81.4,956.52
2024-07-12 12:30:52.407902,28.22,80.29,956.74
2024-07-12 12:30:53.417528,28.27,80.58,956.71
2024-07-12 12:30:54.411846,28.33,81.2,956.73
2024-07-12 12:30:55.416320,28.3,80.93,956.79
2024-07-12 12:30:56.426838,28.42,81.59,956.73
2024-07-12 12:30:57.421172,28.36,81.25,956.65
2024-07-12 12:30:58.430289,28.06,77.56,956.83
2024-07-12 12:30:59.423045,28.49,80.88,956.74
2024-07-12 12:31:00.431447,28.51,81.8,956.7
2024-07-12 12:31:01.425959,28.38,81.43,956.74
2024-07-12 12:31:02.435110,28.26,81.05,956.74
2024-07-12 12:31:03.430556,28.42,81.87,956.75
2024-07-12 12:31:04.440653,28.48,82.19,956.72
2024-07-12 12:31:05.433812,28.41,81.87,956.74
2024-07-12 12:31:06.441469,28.37,81.84,956.74
2024-07-12 12:31:07.446950,28.42,82.06,956.74
2024-07-12 12:31:08.453229,28.38,81.67,956.76
2024-07-12 12:31:09.446433,28.4,81.89,956.71
2024-07-12 12:31:10.455528,28.43,82.0,956.69
2024-07-12 12:31:11.450165,28.19,79.95,956.73
2024-07-12 12:31:12.457081,28.23,80.15,956.74
2024-07-12 12:31:13.465767,28.29,80.96,956.75
2024-07-12 12:31:14.470150,28.37,81.58,956.73
2024-07-12 12:31:15.465320,28.3,81.53,956.74
2024-07-12 12:31:16.473503,28.44,82.19,956.74
2024-07-12 12:31:17.473736,28.45,82.36,956.74
2024-07-12 12:31:18.474128,28.43,82.29,956.69
2024-07-12 12:31:19.468245,28.46,82.34,956.74
2024-07-12 12:31:20.479398,28.31,81.38,956.8
2024-07-12 12:31:21.473588,28.44,82.21,956.71
2024-07-12 12:31:22.483211,28.45,82.32,956.71
2024-07-12 12:31:23.478436,28.32,81.79,956.74
2024-07-12 12:31:24.488958,28.51,82.63,956.67
2024-07-12 12:31:25.492934,28.23,80.65,956.72
2024-07-12 12:31:26.498593,28.33,81.23,956.77
2024-07-12 12:31:27.489910,28.51,82.48,956.7
2024-07-12 12:31:28.496011,28.45,82.4,956.67
2024-07-12 12:31:29.502840,28.3,81.61,956.7
2024-07-12 12:31:30.510500,28.43,82.31,956.68
2024-07-12 12:31:31.501878,28.34,81.58,956.72
2024-07-12 12:31:32.510558,28.31,81.18,956.71
2024-07-12 12:31:33.516634,28.5,82.49,956.66
2024-07-12 12:31:34.512152,28.24,81.27,956.76
2024-07-12 12:31:35.517931,28.47,82.53,956.69
2024-07-12 12:31:36.523365,28.38,82.26,956.72
2024-07-12 12:31:37.513212,28.36,82.08,956.69
2024-07-12 12:31:38.519198,28.49,82.67,956.71
2024-07-12 12:31:39.526559,28.3,81.44,956.76
2024-07-12 12:31:40.534555,28.48,82.47,956.69
2024-07-12 12:31:41.525588,28.39,81.86,956.78
2024-07-12 12:31:42.531503,28.44,82.1,956.7
2024-07-12 12:31:43.539622,28.51,82.54,956.67
2024-07-12 12:31:44.532101,28.31,81.34,956.73
2024-07-12 12:31:45.539235,28.53,82.59,956.68
2024-07-12 12:31:46.545110,28.31,80.89,956.76
2024-07-12 12:31:47.536321,28.46,82.03,956.7
2024-07-12 12:31:48.542502,28.53,82.5,956.72
2024-07-12 12:31:49.549932,28.36,81.56,956.74
2024-07-12 12:31:50.557792,28.58,82.75,956.68
2024-07-12 12:31:51.549265,28.36,81.65,956.76
2024-07-12 12:31:52.556268,28.5,82.43,956.68
2024-07-12 12:31:53.562673,28.54,82.6,956.71
2024-07-12 12:31:54.569679,28.38,81.79,956.74
2024-07-12 12:31:55.561969,28.5,82.39,956.68
2024-07-12 12:31:56.567811,28.55,82.62,956.72
2024-07-12 12:31:57.575144,28.42,81.93,956.71
2024-07-12 12:31:58.566145,28.56,82.71,956.7
2024-07-12 12:31:59.572487,28.34,80.95,956.76
2024-07-12 12:32:00.584837,28.54,82.35,956.68
2024-07-12 12:32:01.571870,28.58,82.64,956.7
2024-07-12 12:32:02.580531,28.34,81.21,956.71
2024-07-12 12:32:03.588587,28.56,82.6,956.69
2024-07-12 12:32:04.583146,28.35,81.14,956.78
2024-07-12 12:32:05.589125,28.47,82.04,956.68
2024-07-12 12:32:06.595788,28.55,82.61,956.7
2024-07-12 12:32:07.599532,28.35,81.37,956.73
2024-07-12 12:32:08.604926,28.54,82.54,956.71
2024-07-12 12:32:09.604462,28.39,81.66,956.73
2024-07-12 12:32:10.609421,28.53,82.45,956.73
2024-07-12 12:32:11.609130,28.52,82.51,956.68
2024-07-12 12:32:12.614942,28.41,81.76,956.74
2024-07-12 12:32:13.612913,28.58,82.79,956.72
2024-07-12 12:32:14.619100,28.39,81.57,956.73
2024-07-12 12:32:15.616842,28.52,82.41,956.69
2024-07-12 12:32:16.620798,28.49,82.35,956.7
2024-07-12 12:32:17.624310,28.44,82.17,956.71
2024-07-12 12:32:18.642133,28.6,83.01,956.69
2024-07-12 12:32:19.628219,28.38,81.9,956.75
2024-07-12 12:32:20.632128,28.63,83.13,956.69
2024-07-12 12:32:21.631383,28.49,82.6,956.72
2024-07-12 12:32:22.635170,28.6,83.16,956.68
2024-07-12 12:32:23.637206,28.64,83.2,956.7
2024-07-12 12:32:24.643152,28.47,82.39,956.7
2024-07-12 12:32:25.642061,28.68,83.29,956.71
2024-07-12 12:32:26.648227,28.62,83.0,956.71
2024-07-12 12:32:27.646565,28.65,83.24,956.66
2024-07-12 12:32:28.651997,28.73,83.48,956.67
2024-07-12 12:32:29.650827,28.58,82.79,956.73
2024-07-12 12:32:30.658502,28.75,83.47,956.68
2024-07-12 12:32:31.656503,28.69,83.08,956.71
2024-07-12 12:32:32.663756,28.64,82.89,956.72
2024-07-12 12:32:33.662952,28.83,83.63,956.7
2024-07-12 12:32:34.667110,28.69,82.99,956.76
2024-07-12 12:32:35.667448,28.82,83.54,956.71
2024-07-12 12:32:36.671955,28.84,83.56,956.69
2024-07-12 12:32:37.670320,28.71,82.98,956.68
2024-07-12 12:32:38.676280,28.9,83.74,956.69
2024-07-12 12:32:39.673347,28.74,82.97,956.76
2024-07-12 12:32:40.680986,28.91,83.72,956.7
2024-07-12 12:32:41.677050,28.89,83.51,956.7
2024-07-12 12:32:42.682483,28.85,83.56,956.7
2024-07-12 12:32:43.677975,28.95,83.84,956.67
2024-07-12 12:32:44.687061,28.81,83.37,956.7
2024-07-12 12:32:45.678459,29.02,84.1,956.68
2024-07-12 12:32:46.684769,28.8,83.3,956.71
2024-07-12 12:32:47.691832,29.07,84.21,956.69
2024-07-12 12:32:48.700553,28.88,83.58,956.72
2024-07-12 12:32:49.690959,29.08,84.1,956.69
2024-07-12 12:32:50.707964,28.9,83.65,956.71
2024-07-12 12:32:51.706500,29.06,84.22,956.67
2024-07-12 12:32:52.709853,28.89,83.42,956.74
2024-07-12 12:32:53.712267,29.06,84.22,956.68
2024-07-12 12:32:54.716509,28.94,83.74,956.74
2024-07-12 12:32:55.715407,29.07,84.36,956.69
2024-07-12 12:32:56.720775,29.05,84.11,956.72
2024-07-12 12:32:57.722120,29.03,84.23,956.7
2024-07-12 12:32:58.721298,29.14,84.57,956.7
2024-07-12 12:32:59.716253,28.97,84.0,956.72
2024-07-12 12:33:00.732341,29.18,84.64,956.69
2024-07-12 12:33:01.719414,29.1,84.15,956.73
2024-07-12 12:33:02.726265,29.08,84.36,956.71
2024-07-12 12:33:03.733131,29.17,84.57,956.7
2024-07-12 12:33:04.740764,28.92,83.68,956.74
2024-07-12 12:33:05.733276,29.1,84.41,956.63
2024-07-12 12:33:06.739906,28.83,82.53,956.81
2024-07-12 12:33:07.733583,29.06,84.08,956.69
2024-07-12 12:33:08.739974,29.08,84.27,956.66
2024-07-12 12:33:09.747127,28.82,82.71,956.72
2024-07-12 12:33:10.755091,28.97,83.74,956.69
2024-07-12 12:33:11.745672,28.87,83.02,956.69
2024-07-12 12:33:12.752889,28.88,83.15,956.69
2024-07-12 12:33:13.749965,28.93,83.64,956.66
2024-07-12 12:33:14.757709,28.77,82.27,956.72
2024-07-12 12:33:15.764937,28.87,83.09,956.67
2024-07-12 12:33:16.769991,28.87,83.19,956.66
2024-07-12 12:33:17.760039,28.72,82.02,956.7
2024-07-12 12:33:18.768219,28.84,83.11,956.67
2024-07-12 12:33:19.774408,28.7,81.94,956.69
2024-07-12 12:33:20.780743,28.73,82.34,956.67
2024-07-12 12:33:21.772489,28.78,82.66,956.65
2024-07-12 12:33:22.780596,28.66,81.8,956.67
2024-07-12 12:33:23.786308,28.64,81.34,956.61
2024-07-12 12:33:24.776341,28.57,80.24,956.68
2024-07-12 12:33:25.783016,28.63,81.24,956.68
2024-07-12 12:33:26.790179,28.77,82.48,956.59
2024-07-12 12:33:27.782177,28.62,81.81,956.67
2024-07-12 12:33:28.787701,28.7,82.52,956.66
2024-07-12 12:33:29.795519,28.81,83.17,956.69
2024-07-12 12:33:30.806129,28.65,82.1,956.51
2024-07-12 12:33:31.798556,28.63,81.75,956.75
2024-07-12 12:33:32.807696,29.06,83.63,956.68
2024-07-12 12:33:33.800841,29.02,83.7,956.68
2024-07-12 12:33:34.814819,28.86,83.15,956.71
2024-07-12 12:33:35.803065,28.89,83.34,956.68
2024-07-12 12:33:36.812037,28.95,83.5,956.69
2024-07-12 12:33:37.805329,28.89,83.13,956.69
2024-07-12 12:33:38.815344,28.91,82.77,956.59
2024-07-12 12:33:39.823735,28.79,82.27,956.72
2024-07-12 12:33:40.815948,28.93,83.28,956.7
2024-07-12 12:33:41.824828,28.81,82.49,956.72
2024-07-12 12:33:42.821520,28.84,82.89,956.65
2024-07-12 12:33:43.834771,28.87,83.22,956.67
2024-07-12 12:33:44.833788,28.86,83.21,956.68
2024-07-12 12:33:45.828959,28.7,81.93,956.71
2024-07-12 12:33:46.839828,28.86,83.07,956.66
2024-07-12 12:33:47.835076,28.68,81.67,956.73
2024-07-12 12:33:48.845098,28.82,82.78,956.68
2024-07-12 12:33:49.842380,28.71,81.89,956.74
2024-07-12 12:33:50.855109,28.77,82.32,956.71
2024-07-12 12:33:51.848322,28.82,82.6,956.66
2024-07-12 12:33:52.848007,28.54,79.41,956.39
2024-07-12 12:33:53.859430,28.41,77.61,956.7
2024-07-12 12:33:54.863228,28.43,78.09,956.7
2024-07-12 12:33:55.864564,28.45,79.64,956.68
2024-07-12 12:33:56.867164,28.43,80.15,956.68
2024-07-12 12:33:57.868667,28.43,80.38,956.7
2024-07-12 12:33:58.870345,28.55,81.27,956.67
2024-07-12 12:33:59.872809,28.65,81.91,956.67
2024-07-12 12:34:00.876757,28.66,81.98,956.66
2024-07-12 12:34:01.879322,28.68,81.97,956.66
2024-07-12 12:34:02.879951,28.93,82.75,956.68
2024-07-12 12:34:03.880132,28.97,82.91,956.71
2024-07-12 12:34:04.884104,29.05,83.14,956.66
2024-07-12 12:34:05.885073,28.77,82.0,956.67
2024-07-12 12:34:06.887512,28.77,81.75,956.48
2024-07-12 12:34:07.890414,28.71,81.92,956.77
2024-07-12 12:34:08.897718,28.63,81.93,956.7
2024-07-12 12:34:09.893880,28.58,81.75,956.69
2024-07-12 12:34:10.897037,28.58,81.8,956.66
2024-07-12 12:34:11.896695,28.62,81.99,956.7
2024-07-12 12:34:12.906230,28.37,79.06,956.7
2024-07-12 12:34:13.902305,28.35,78.37,956.71
2024-07-12 12:34:14.913469,28.45,80.11,956.69
2024-07-12 12:34:15.914113,28.71,82.15,956.66
2024-07-12 12:34:16.909841,28.74,82.66,956.67
2024-07-12 12:34:17.919226,28.86,83.05,956.68
2024-07-12 12:34:18.919867,28.9,83.05,956.69
2024-07-12 12:34:19.920352,28.9,83.03,956.67
2024-07-12 12:34:20.924409,28.9,83.04,956.66
2024-07-12 12:34:21.927349,28.84,82.53,956.49
2024-07-12 12:34:22.921660,28.47,81.29,956.67
2024-07-12 12:34:23.926102,28.46,80.95,956.69
2024-07-12 12:34:24.934908,28.37,80.48,956.68
2024-07-12 12:34:25.938869,28.5,81.97,956.66
2024-07-12 12:34:26.943377,28.63,82.94,956.67
2024-07-12 12:34:27.943029,28.62,83.07,956.67
2024-07-12 12:34:28.948455,28.62,83.05,956.69
2024-07-12 12:34:29.949241,28.56,82.42,956.68
2024-07-12 12:34:30.953071,28.52,82.44,956.66
2024-07-12 12:34:31.953276,28.64,83.04,956.67
2024-07-12 12:34:32.958053,28.49,82.02,956.69
2024-07-12 12:34:33.958338,28.57,82.59,956.68
2024-07-12 12:34:34.962235,28.53,82.01,956.69
2024-07-12 12:34:35.962530,28.54,82.25,956.51
2024-07-12 12:34:36.967966,28.45,81.57,956.67
2024-07-12 12:34:37.967375,28.51,81.96,956.68
2024-07-12 12:34:38.972833,28.53,81.73,956.48
2024-07-12 12:34:39.972731,28.26,78.53,956.56
2024-07-12 12:34:40.978157,28.17,76.98,956.72
2024-07-12 12:34:41.977100,28.17,78.03,956.84
2024-07-12 12:34:42.983473,28.23,79.81,956.7
2024-07-12 12:34:43.982133,28.25,80.53,956.68
2024-07-12 12:34:44.987201,28.41,81.67,956.75
2024-07-12 12:34:45.989381,28.59,82.46,956.75
2024-07-12 12:34:46.992822,28.82,82.94,956.33
2024-07-12 12:34:47.992451,28.46,82.37,956.68
2024-07-12 12:34:48.997075,28.37,81.92,956.69
2024-07-12 12:34:49.997743,28.45,82.19,956.66
2024-07-12 12:34:51.002239,28.53,82.42,956.65
2024-07-12 12:34:52.001709,28.66,82.96,956.68
2024-07-12 12:34:53.007095,28.8,83.15,956.67
2024-07-12 12:34:54.007672,28.88,83.3,956.66
2024-07-12 12:34:55.011755,28.95,83.43,956.66
2024-07-12 12:34:56.012029,29.04,83.49,956.67
2024-07-12 12:34:57.015014,28.94,82.64,956.46
2024-07-12 12:34:58.013560,28.69,81.9,956.69
2024-07-12 12:34:59.010783,28.69,82.07,956.62
2024-07-12 12:35:00.014740,28.83,83.08,956.67
2024-07-12 12:35:01.026731,28.8,83.31,956.64
2024-07-12 12:35:02.026992,28.87,83.55,956.65
2024-07-12 12:35:03.031399,28.55,81.37,956.62
2024-07-12 12:35:04.031367,28.4,79.22,956.78
2024-07-12 12:35:05.036083,28.71,82.45,956.64
2024-07-12 12:35:06.030715,28.62,82.89,956.64
2024-07-12 12:35:07.041541,28.76,83.51,956.64
2024-07-12 12:35:08.040968,28.88,83.78,956.66
2024-07-12 12:35:09.043078,28.84,83.52,956.66
2024-07-12 12:35:10.043632,28.61,82.93,956.64
2024-07-12 12:35:11.044821,28.65,83.18,956.63
2024-07-12 12:35:12.046481,28.74,83.61,956.64
2024-07-12 12:35:13.051292,28.77,83.77,956.65
2024-07-12 12:35:14.050379,28.83,83.95,956.65
2024-07-12 12:35:15.055814,28.67,83.42,956.65
2024-07-12 12:35:16.054858,28.73,83.63,956.63
2024-07-12 12:35:17.062777,28.86,84.0,956.68
2024-07-12 12:35:18.059086,28.86,83.94,956.67
2024-07-12 12:35:19.068115,28.89,83.97,956.66
2024-07-12 12:35:20.061610,28.93,83.95,956.65
2024-07-12 12:35:21.062238,28.73,82.85,956.65
2024-07-12 12:35:22.074727,28.55,81.43,956.67
2024-07-12 12:35:23.068493,28.66,83.04,956.66
2024-07-12 12:35:24.078460,28.73,83.76,956.63
2024-07-12 12:35:25.074035,28.82,84.1,956.68
2024-07-12 12:35:26.072844,28.76,83.86,956.67
2024-07-12 12:35:27.083357,28.72,83.83,956.66
2024-07-12 12:35:28.077864,28.77,84.05,956.64
2024-07-12 12:35:29.091779,28.62,83.33,956.66
2024-07-12 12:35:30.086891,28.66,83.57,956.67
2024-07-12 12:35:31.098568,28.71,83.96,956.66
2024-07-12 12:35:32.091431,28.69,83.95,956.68
2024-07-12 12:35:33.105372,28.81,84.39,956.67
2024-07-12 12:35:34.100976,28.78,84.33,956.67
2024-07-12 12:35:35.095367,28.68,83.9,956.66
2024-07-12 12:35:36.106136,28.71,84.18,956.65
2024-07-12 12:35:37.100478,28.73,84.29,956.67
2024-07-12 12:35:38.108816,28.74,84.16,956.66
2024-07-12 12:35:39.117179,28.64,83.8,956.65
2024-07-12 12:35:40.109856,28.72,84.06,956.67
2024-07-12 12:35:41.121196,28.6,83.54,956.66
2024-07-12 12:35:42.119251,28.62,83.65,956.69
2024-07-12 12:35:43.126638,28.6,83.64,956.66
2024-07-12 12:35:44.125588,28.62,83.91,956.65
2024-07-12 12:35:45.133495,28.8,84.63,956.65
2024-07-12 12:35:46.129618,28.65,84.33,956.66
2024-07-12 12:35:47.138572,28.73,84.55,956.65
2024-07-12 12:35:48.135302,28.64,83.94,956.67
2024-07-12 12:35:49.144172,28.72,84.38,956.67
2024-07-12 12:35:50.138384,28.83,84.73,956.66
2024-07-12 12:35:51.148945,28.65,84.14,956.68
2024-07-12 12:35:52.142397,28.81,84.7,956.66
2024-07-12 12:35:53.151443,28.79,84.49,956.68
2024-07-12 12:35:54.145856,28.8,84.71,956.62
2024-07-12 12:35:55.159960,28.88,84.76,956.66
2024-07-12 12:35:56.158741,28.77,84.62,956.66
2024-07-12 12:35:57.154032,28.9,84.97,956.71
2024-07-12 12:35:58.149648,28.81,84.55,956.69
2024-07-12 12:35:59.162068,28.88,84.94,956.69
2024-07-12 12:36:00.158540,28.82,84.43,956.68
2024-07-12 12:36:01.171964,28.57,82.32,956.64
2024-07-12 12:36:02.163658,28.52,81.84,956.68
2024-07-12 12:36:03.175142,28.73,84.24,956.72
2024-07-12 12:36:04.173831,29.1,85.38,956.66
2024-07-12 12:36:05.183052,29.04,85.31,956.67
2024-07-12 12:36:06.176837,29.0,85.17,956.67
2024-07-12 12:36:07.174051,29.03,85.14,956.67
2024-07-12 12:36:08.187555,29.05,85.14,956.65
2024-07-12 12:36:09.193457,28.97,84.95,956.69
2024-07-12 12:36:10.181712,28.97,84.98,956.66
2024-07-12 12:36:11.194702,29.02,85.17,956.62
2024-07-12 12:36:12.190794,28.71,84.08,956.69
2024-07-12 12:36:13.201719,29.07,85.48,956.62
2024-07-12 12:36:14.200027,29.04,85.42,956.65
2024-07-12 12:36:15.198628,28.97,84.94,956.7
2024-07-12 12:36:16.208651,28.88,84.81,956.67
2024-07-12 12:36:17.207427,28.75,84.2,956.64
2024-07-12 12:36:18.199848,28.78,84.56,956.65
2024-07-12 12:36:19.214834,28.78,84.56,956.66
2024-07-12 12:36:20.211045,28.73,84.43,956.65
2024-07-12 12:36:21.221970,28.75,84.61,956.63
2024-07-12 12:36:22.217271,28.79,84.81,956.65
2024-07-12 12:36:23.224444,28.79,84.9,956.66
2024-07-12 12:36:24.220575,28.78,84.9,956.64
2024-07-12 12:36:25.232189,28.79,84.92,956.67
2024-07-12 12:36:26.232877,28.8,85.03,956.65
2024-07-12 12:36:27.237750,28.81,85.01,956.67
2024-07-12 12:36:28.237957,28.53,82.69,956.68
2024-07-12 12:36:29.227819,28.56,83.41,956.67
2024-07-12 12:36:30.239304,28.79,85.03,956.62
2024-07-12 12:36:31.247002,28.74,84.94,956.69
2024-07-12 12:36:32.245421,28.57,84.43,956.65
2024-07-12 12:36:33.240048,28.73,85.1,956.63
2024-07-12 12:36:34.250424,28.52,83.74,956.68
2024-07-12 12:36:35.256343,28.73,84.92,956.65
2024-07-12 12:36:36.248613,28.79,85.2,956.64
2024-07-12 12:36:37.261976,28.89,85.55,956.63
2024-07-12 12:36:38.262670,28.97,85.62,956.67
2024-07-12 12:36:39.265297,28.95,85.51,956.68
